-- phpMyAdmin SQL Dump
-- version 5.1.1
-- https://www.phpmyadmin.net/
--
-- Hôte : 127.0.0.1:3306
-- Généré le : ven. 28 oct. 2022 à 05:04
-- Version du serveur : 8.0.27
-- Version de PHP : 8.1.0

SET SQL_MODE = "NO_AUTO_VALUE_ON_ZERO";
START TRANSACTION;
SET time_zone = "+00:00";


/*!40101 SET @OLD_CHARACTER_SET_CLIENT=@@CHARACTER_SET_CLIENT */;
/*!40101 SET @OLD_CHARACTER_SET_RESULTS=@@CHARACTER_SET_RESULTS */;
/*!40101 SET @OLD_COLLATION_CONNECTION=@@COLLATION_CONNECTION */;
/*!40101 SET NAMES utf8mb4 */;

--
-- Base de données : `3isports`
--

-- --------------------------------------------------------

--
-- Structure de la table `accueil`
--

DROP TABLE IF EXISTS `accueil`;
CREATE TABLE IF NOT EXISTS `accueil` (
  `id` int NOT NULL AUTO_INCREMENT,
  `position` int NOT NULL,
  `article_id` int DEFAULT NULL,
  PRIMARY KEY (`id`),
  KEY `IDX_2994CBE7294869C` (`article_id`)
) ENGINE=InnoDB AUTO_INCREMENT=6 DEFAULT CHARSET=utf8mb4 COLLATE=utf8mb4_unicode_ci;

--
-- Déchargement des données de la table `accueil`
--

INSERT INTO `accueil` (`id`, `position`, `article_id`) VALUES
(1, 1, 9),
(2, 2, 10),
(3, 3, 12),
(4, 4, 14),
(5, 5, 11);

-- --------------------------------------------------------

--
-- Structure de la table `accueil_article`
--

DROP TABLE IF EXISTS `accueil_article`;
CREATE TABLE IF NOT EXISTS `accueil_article` (
  `accueil_id` int NOT NULL,
  `article_id` int NOT NULL,
  PRIMARY KEY (`accueil_id`,`article_id`),
  KEY `IDX_760C20687C9E3DC1` (`accueil_id`),
  KEY `IDX_760C20687294869C` (`article_id`)
) ENGINE=InnoDB DEFAULT CHARSET=utf8mb4 COLLATE=utf8mb4_unicode_ci;

-- --------------------------------------------------------

--
-- Structure de la table `article`
--

DROP TABLE IF EXISTS `article`;
CREATE TABLE IF NOT EXISTS `article` (
  `id` int NOT NULL AUTO_INCREMENT,
  `titre` varchar(255) CHARACTER SET utf8mb4 COLLATE utf8mb4_unicode_ci NOT NULL,
  `description` longtext CHARACTER SET utf8mb4 COLLATE utf8mb4_unicode_ci,
  `auteur_id` int NOT NULL,
  `thumbnail_id` int NOT NULL,
  `sous_categorie_id` int NOT NULL,
  `created_at` datetime NOT NULL,
  `updated_at` datetime DEFAULT NULL,
  `image` longtext CHARACTER SET utf8mb4 COLLATE utf8mb4_unicode_ci,
  `alt` longtext CHARACTER SET utf8mb4 COLLATE utf8mb4_unicode_ci,
  PRIMARY KEY (`id`),
  UNIQUE KEY `UNIQ_23A0E66FDFF2E92` (`thumbnail_id`),
  KEY `IDX_23A0E6660BB6FE6` (`auteur_id`),
  KEY `IDX_23A0E66365BF48` (`sous_categorie_id`)
) ENGINE=InnoDB AUTO_INCREMENT=38 DEFAULT CHARSET=utf8mb4 COLLATE=utf8mb4_unicode_ci;

--
-- Déchargement des données de la table `article`
--

INSERT INTO `article` (`id`, `titre`, `description`, `auteur_id`, `thumbnail_id`, `sous_categorie_id`, `created_at`, `updated_at`, `image`, `alt`) VALUES
(8, 'Affluence: un début de saison historique dans les stades de Ligue 1', '<div>Lorem ipsum dolor sit amet, consectetur adipiscing elit. Pellentesque lectus nulla, hendrerit quis dapibus eu, elementum nec est. Mauris tempus sodales convallis. Curabitur at ante lorem. Duis eu accumsan dui. Quisque consequat auctor euismod. Fusce quis nibh vitae nunc porttitor tincidunt in quis leo. Donec facilisis vitae elit sed blandit. Ut blandit nulla sed est vulputate interdum.<br><br></div><div>Curabitur vitae molestie tellus, eget accumsan massa. Vestibulum at urna et mi laoreet tristique. Quisque erat quam, fermentum sagittis feugiat sit amet, interdum non urna. Vestibulum massa tellus, egestas a turpis a, luctus feugiat purus. Aliquam lobortis, odio vitae rutrum placerat, purus lacus lacinia mauris, et commodo lorem est quis ex. Nulla facilisi. Nulla pretium sapien non justo scelerisque, rutrum consequat tortor euismod. Integer tristique sed quam eu consectetur. Aliquam ultrices rhoncus velit, ac malesuada massa feugiat non.<br><br></div>', 1, 8, 2, '2022-10-23 22:15:32', '2022-10-26 07:18:23', 'FOOT.jpg', 'image-alt'),
(9, 'Les droits des femmes menacés aux Etats-Unis', '<div>La valeur d’un pays ne se mesure pas seulement à son produit intérieur brut. Le sort qu’il réserve à ses citoyens compte tout autant, sinon plus, lorsqu’il s’agit des personnes les moins favorisées. A cette aune, la version non définitive d’un arrêt de la Cour suprême des Etats-Unis consacré à l’avortement publié par le site <em>Politico</em>, le 2 mai, est de nature à asséner un coup sévère à l’image du pays.<br><br></div><div>Le projet de revenir totalement sur la légalisation de l’avortement dont l’appréciation redeviendrait du ressort des Etats est une atteinte à la liberté des femmes, qui portera principalement préjudice aux plus pauvres, aux plus marginalisées. Ces dernières ne pourront pas disposer des ressources financières, juridiques et morales pour contourner la prohibition qui sera rapidement mise en place dans les Etats les plus conservateurs.<br><br></div><div>Sur le fond, la « fuite » du 2 mai n’a surpris personne. Pendant des décennies, le courant le plus réactionnaire de la droite américaine a œuvré sans relâche pour abattre la jurisprudence mise en place en 1973 par l’arrêt Roe <em>vs</em> Wade, confirmé en 1992, qui a sanctuarisé au niveau national le droit des femmes à disposer de leur propre corps.<br><br></div><div><strong>Une offensive méthodique<br></strong><br></div><div>Tout a été mis en place pour l’épilogue qui pourrait survenir dans quelques semaines, si les fondements du texte dévoilé à la suite d’une rare entorse à la confidentialité des délibérations de la plus haute instance judiciaire des Etats-Unis résistent à l’orage de réactions que leur révélation a suscité.<br><br></div><div>La Cour suprême a été pourvue par les présidents conservateurs successifs en juges sélectionnés à cet effet. De leur côté, les Etats républicains ont multiplié les lois dérogatoires à l’arrêt de 1973 dans le but de parvenir à un nouvel arbitrage de la part d’une majorité renforcée de juges (six sur neuf) acquis aux arguments des adversaires de ce droit.<br><br></div><div>Un tel recul des Etats-Unis s’ajouterait, il est vrai, à une offensive méthodique venue des rangs républicains contre les droits des minorités, qu’elles soient sexuelles ou ethniques. Elle vise notamment une théorie longtemps restée confidentielle, la <em>critical race theory,</em> qui analyse le racisme comme un système particulièrement résilient.<br><br></div><div>L’attaque contre Roe <em>vs </em>Wade, dont une majorité indiscutable des Américains souhaite le maintien, prouve que le raidissement conservateur, par son ampleur, produit des effets bien plus dévastateurs que ceux attribués au wokisme, le progressisme radical que les conservateurs de tout poil, comme saisis d’une sainte frousse, agitent en permanence comme un chiffon rouge.<br><br></div><div>L’assaut contre les libertés des femmes fournit certes un message de campagne puissant au camp démocrate à quelques mois des élections de mi-mandat. Mais il va surtout creuser plus encore les divisions d’un pays livré à une véritable guerre froide intestine.<br><br></div>', 1, 9, 5, '2022-10-26 07:02:08', '2022-10-26 07:04:24', 'img_1.jpg', 'droit-femmes'),
(10, 'Les gens qui marchent lentement ont plus de chance de devenir fous', '<div><br>Des chercheurs américains du Centre médical de Boston ont montré que la vitesse à laquelle nous marchons ou la force de notre poignée de main <a href=\"http://www.bbc.co.uk/news/health-17028712\">pourraient déterminer le risque d\'une future démence ou d\'un accident vasculaire-cérébrale</a> (AVC) selon le site de la BBC:</div><blockquote><em>«Scanner cérébral, vitesse de marche et force de </em><a href=\"http://fr.wikipedia.org/wiki/Pr%C3%A9hension\"><em>préhension</em></a><em> ont été enregistrés pour 2.410 personnes qui étaient âgées en moyenne de 62 ans. Les résultats présentés à la rencontre annuelle de l\'Académie de neurologie disent que 11 ans plus tard, 34 personnes avaient développé une démence et 79 avaient eu un accident vasculaire cérébral.»</em></blockquote><div><br>A partir de 65 ans, les personnes marchant lentement sont <a href=\"http://news.health.com/2012/02/15/can-walking-speed-hand-grip-in-middle-age-predict-dementia-risk/\">1,5 fois plus susceptibles de devenir folles</a> ou atteintes de la maladie d\'Alzheimer que celles qui marchent plus rapidement, et les personnes ayant peu de force de préhension ont un risque supérieur à 42% de subir un AVC, explique le site de santé Health:</div><blockquote><em>«Les chercheurs ont constaté qu\'une vitesse de marche lente était associée à un moins grand volume total du cerveau et à </em><a href=\"https://www.slate.fr/lien/34153/marcher-bon-pour-memoire\"><em>une moins bonne performance dans les tests sur la mémoire</em></a><em>, le langage et la prise de décision. Une poignée de main plus forte a été associée à un plus grand volume total du cerveau et à de meilleurs résultats sur les tests de pensée et de mémoire durant lesquels les gens devaient identifier les similitudes entre les objets.»</em></blockquote><div><br>Ces études démontrent les effets d\'une faiblesse physique sur la santé de personnes d\'âge moyen, ces effets n\'ont pas été observés chez les personnes de moins de 65 ans et l\'avaient <a href=\"http://www.huffingtonpost.co.uk/2012/02/16/could-the-way-you-walk-predict-dementia-chances_n_1282026.html\">déjà été chez des personnes âgées</a>.</div><div><br>Les chercheurs reconnaissent que <a href=\"http://www.huffingtonpost.co.uk/2012/02/16/could-the-way-you-walk-predict-dementia-chances_n_1282026.html\">d\'autres recherches doivent être effectuées</a> pour déterminer si cette faiblesse est un symptôme pré-clinique de la démence ou de la propension à être victime d\'un AVC, selon le Huffington Post:</div><blockquote><em>«On ne sait pas vraiment si les gens dans cette étude avaient d\'autres problèmes de santé qui pourraient avoir une incidence sur leur vitesse de marche, et qui pourraient également augmenter le risque de démence.»</em></blockquote><div><br>Bien que ces résultats soient préliminaires, les chercheurs précisent que <a href=\"http://www.dailymail.co.uk/health/article-2101736/Dementia-Fast-walking-speed-strong-grip-middle-age-help-predict-risk.html\">ces tests peuvent être facilement effectués</a> par un médecin généraliste ou un neurologue dans le but de prévenir un risque.</div>', 2, 10, 7, '2022-10-26 07:11:27', '2022-10-26 07:18:46', 'sante_1.jpg', 'marche-a-pied'),
(11, 'Comment convaincre son enfant de se mettre au sport ?', '<div><strong>Des conseils, des défis et des astuces pour choisir un club sportif. Santé Publique France lance une campagne pour aider les jeunes à pratiquer plus d’activité physique. Ce guide en ligne s’adresse aussi aux parents qui ont un rôle à jouer pour aider leur bambin à s’inscrire dans un club, relever des défis physiques et décrocher des écrans.<br></strong><br></div><div>Comment mettre son adolescent au sport ? À cette question, qui taraude nombre de parents, Santé Publique France propose une série de recommandations et de conseils sur son site <a href=\"https://fam.mangerbouger.fr/manger-mieux/la-fabrique-a-menus/accueil-quizz\">mangerbouger.fr</a>. Lancée ce 1er septembre, la campagne <em>“Faire bouger les ados, ce n’est pas évident. Mais les encourager c’est important” </em>espère lutter contre la sédentarité des jeunes, avec un manuel en ligne, au ton positif, pour trouver un club, bénéficier du Pass’Sport ou relever des défis physiques.<br><br></div><div>Pour mesurer l’activité physique au sens large des 11 à 17 ans, le site mangerbouger.fr propose un test d’une petite dizaine de questions. Les habitudes des déplacements, à vélo, à pied, en trottinette, sont mesurées grâce à des questions simples et des réponses à choix multiples. Même son de cloche au niveau des activités physiques <em>“intenses” </em>réalisées tout au long de la semaine, aussi bien dans le cadre de l’école que lors d’activités sportives extrascolaires. Enfin, un volet sur le temps passé sur les écrans permet de cerner les habitudes susceptibles de sédentariser les jeunes.<br><br></div><div>Le dispositif développé par Santé publique France s’adresse également aux parents, pour les aider à trouver un club de sport adapté aux besoins et aux envies de leur enfant. Pour les parents de jeunes handicapés, un onglet “handiguide” est aussi disponible. Basée sur la géolocalisation, cette extension demande une adresse et le sport demandé. Une fois la recherche lancée, les clubs et infrastructures apparaissent, avec les informations et les contacts.<br><br></div><div>Si vous êtes en panne d’inspirations pour incorporer un peu de sport dans le quotidien, le site propose défis et jeux à faire en famille. “Safari-photo”, “défi corde à sauter”, “balade avec les amis”, tout est bon pour stimuler les muscles aussi bien en extérieur, qu’à la maison.<br><br></div><div><strong><br>Les jeunes ne bougent plus assez<br></strong><br></div><div>Ce dispositif, conçu en lien avec le Ministère de la Santé, le Ministère des Sports et le comité d’organisation de Paris 2024, vise à faire baisser des statistiques inquiétantes. <a href=\"https://www.santepubliquefrance.fr/determinants-de-sante/nutrition-et-activite-physique/documents/rapport-synthese/etude-de-sante-sur-l-environnement-la-biosurveillance-l-activite-physique-et-la-nutrition-esteban-2014-2016.-volet-nutrition.-chapitre-corpulence\">Selon une étude</a>, chez les 6- 17 ans, un garçon sur deux et un tiers des filles pratiquent une heure d’activité modérée à intense chaque jour comme le préconise l’Organisation Mondiale de la Santé. A contrario, la proportion de jeunes passant 3 heures ou plus devant un écran chaque jour atteint 71 % chez les filles et 87 % chez les garçons de 15-17 ans.<br><br></div>', 3, 11, 8, '2022-10-26 07:18:05', '2022-10-27 21:18:17', 'bien etre_19.jpg', 'sport-enfant'),
(12, 'Paris fait le spectacle', '<div>Grâce notamment à des doublés de Lionel Messi et Kylian Mbappé, le PSG n\'a pas fait de détails mardi soir face au Maccabi Haïfa (7-2). Les Parisiens participeront aux huitièmes de finale de la Ligue des champions pour la onzième saison consécutive.<br><br>Le match : 7-2</div><div>Le PSG ne sera pas tombé dans le même piège que la Juventus Turin. Pendant que les Italiens, battus en Israël il y a deux semaines, <a href=\"https://www.lequipe.fr/Football/Actualites/Benfica-rejoint-les-huitiemes-apres-sa-victoire-face-a-la-juve-eliminee-de-la-ligue-des-champions/1361255\">se faisaient éliminer de la Ligue des champions par Benfica (3-4)</a>, les Parisiens ont assuré leur onzième billet consécutif pour les huitièmes de finale grâce à un carton face au Maccabi Haïfa (7-2).<br><br>Le match avait commencé par un show pyrotechnique dans le parcage étendu des Israéliens <em>(voir par ailleurs)</em>, le feu d\'artifice s\'est finalement poursuivi sur la pelouse du Parc des Princes. Il aura fallu tout de même une petite vingtaine de minutes aux Parisiens avant que Lionel Messi n\'inscrive le 128e but de sa carrière en Ligue des champions. Moins d\'une soixantaine de secondes après que Neymar a manqué sa reprise sur un service en retrait de Kylian Mbappé, l\'Argentin a ouvert le score d\'un superbe extérieur du pied gauche (19e).<br><br></div><div>De l\'euphorie de ce premier but, la soirée a failli mal tourner à la 25e lorsque le champion du monde français a été découpé par un tacle à retardement d\'Abdoulaye Seck, averti pour cette faute. On a cru alors au genre de blessure qui prive un joueur d\'un Mondial, qui débute dans moins d\'un mois, mais finalement plus de peur que de mal pour Mbappé puisque c\'est lui qui a inscrit le but du break (32e).<br><br>Mais tout n\'a pas été parfait durant cette soirée. Car entre les troisième et quatrième buts parisiens, le Maccabi Haïfa a marqué une première fois à la 38e minute sur un coup franc tiré le long de la ligne de touche et repris par Seck, bien aidé par la sortie hasardeuse de Gianluigi Donnarumma. Et c\'est encore sur un coup de pied arrêté, un corner cette fois, que le PSG a concédé un deuxième but du défenseur sénégalais (50e). Face aux attaquants de la Juventus, certes éliminés mais loin d\'être muets à Lisbonne mardi soir, il faudra faire attention mercredi prochain (21 heures) si les Parisiens veulent s\'assurer la première place de leur groupe devant Benfica.</div>', 3, 12, 9, '2022-10-26 07:33:05', '2022-10-26 07:33:05', 'galtier.png', 'psg-ldc'),
(13, 'La soirée en or de Karim Benzema, entré dans la légende', '<div><strong>SOIRÉE DE GALA</strong> Sacré Ballon d\'or, l’attaquant du Real Madrid est devenu lundi le premier Français depuis Zinédine Zidane en 1998 à atteindre cette consécration<br><br><a href=\"https://www.20minutes.fr/sport/karim_benzema/\">Karim Benzema</a> dans la légende ! Sacré <a href=\"https://www.20minutes.fr/sport/ballon_d_or-1/\">Ballon d\'or</a> après une saison de rêve, l\'attaquant du Real Madrid est devenu lundi le premier Français depuis Zinédine Zidane en 1998 à atteindre cette consécration, que l\'Espagnole Alexia Putellas a obtenue pour la deuxième année d\'affilée. C\'est d\'ailleurs Zidane, mentor et ancien entraîneur de Benzema au Real, qui a remis la récompense à son successeur français. Retour sur la soirée en images.<br><br>Sacré Ballon d\'or après une saison de rêve, l’attaquant du Real Madrid est devenu lundi le premier Français depuis Zinédine Zidane en 1998 à atteindre cette consécration. Karim Benzema est entré dans la légende.</div><div><br>« Ce Ballon d’or, c’est individuel, mais ça reste collectif, c’est le Ballon d\'or du peuple », a lancé Benzema avec entre les mains le prestigieux trophée annuel décerné par le magazine <em>France Football</em>.</div>', 2, 13, 10, '2022-10-26 07:37:26', '2022-10-26 07:37:26', 'Ballon Or.png', 'bo-benzema'),
(14, 'Cristiano Ronaldo en passe de rebondir à Chelsea cet hiver ?', '<div>Dans l’impasse à Manchester, l’attaquant portugais de 37 ans pourrait être libéré de ses six derniers mois de contrat et rejoindre les Blues après le Mondial.<br><br>Un ténor européen veut-il encore de <a href=\"https://www.20minutes.fr/sport/cristiano_ronaldo/\">Cristiano Ronaldo</a> ? Frustré cette saison à Manchester United (2 buts en 12 matchs disputés), où son mal-être avec son coach, Erik ten Hag, a explosé pour de bon la semaine passée <a href=\"https://www.20minutes.fr/sport/football/4006284-20221020-manchester-united-frustre-entrer-contre-tottenham-cristiano-ronaldo-fait-malle-plein-match\">contre Tottenham</a>, l’attaquant portugais se cherche un nouveau point de chute. D’après le <a href=\"https://www.dailymail.co.uk/sport/football/article-11346373/Todd-Boehly-offer-Cristiano-Ronaldo-way-Manchester-United-turmoil-January.html\"><em>Daily Mail</em></a>, le nouveau le propriétaire de Chelsea, l’Américain Todd Boehly, souhaiterait recruter la star de 37 ans lors du prochain mercato hivernal.<br><br></div><div>Il aurait d’ailleurs déjà aimé réussir ce coup l’été dernier, mais son entraîneur de l’époque, Thomas Tuchel, s’y était opposé. Son successeur sur le banc des Blues, Graham Potter, se montrerait plus ouvert à sa venue. Selon <em>ESPN</em>, ce transfert pourrait s’effectuer sans indemnité, puisque Manchester United serait disposé à laisser filer CR7 gratuitement en janvier, afin d’économiser les six derniers mois de son imposant salaire.<br><br>Un tel dénouement permettrait à Cristiano Ronaldo de tenter de soigner sa fin de carrière en retrouvant la Ligue des champions, la compétition qui l’obsède tant. Le tout après avoir disputé sa dernière <a href=\"https://www.20minutes.fr/dossier/coupe_du_monde\">Coupe du monde</a> au Qatar, un autre défi de taille.</div>', 3, 14, 11, '2022-10-28 07:42:39', '2022-10-26 07:42:39', 'cr7 footbalI.jpg', 'cr7-transfert'),
(15, 'Islam Slimani accuse un adversaire de l’avoir traité de « sale blédard »', '<div>L’attaquant brestois s’en est plaint auprès du quatrième arbitre au cours de la rencontre.<br>Si le résultat final a de quoi donner le sourire aux Brestois, le match à <a href=\"https://www.20minutes.fr/sport/clermont-foot-63/\">Clermont </a>ce dimanche après-midi a donné lieu à une scène plus triste pour les Bretons. Au cours de la rencontre, remportée par le <a href=\"https://www.20minutes.fr/sport/stade-brestois-29/\">SB29 </a>en Auvergne (1-3), l\'attaquant Islam Slimani s’est plaint auprès du quatrième arbitre d’avoir été la cible de propos racistes, comme <a href=\"https://www.lequipe.fr/Football/Actualites/Islam-slimani-denonce-une-insulte-raciste-lors-de-clermont-brest/1360846\">le rapporte <em>L’Equipe</em></a>. L’Algérien a pointé du doigt un joueur, sans que l’on sache exactement qui il visait, en affirmant : « Il m’a traité de sale arabe. »<br><br></div><div><strong>« Il y a eu un peu de chambrage et des mots qui se sont échangés »</strong></div><div>D’après les journalistes d’Amazon Prime Video, le Clermontois concerné serait Johan Gastien. Sur une séquence diffusée par la chaîne, toujours relayée par le site du quotidien, le milieu de terrain clermontois semble réagir à cette accusation en disant : « Des propos comme ça ? Non, non, non. »<br><br></div><div>Après la rencontre, l\'international algérien s\'est exprimé en zone mixte. Il n\'a pas repris les mots de « sale arabe », mais de « sale blédard ». « C\'est grave d\'être traité de sale blédard. C\'est grave d\'entendre encore des choses comme ça », a estimé Slimani, qui a confirmé que cela venait bien de Gastien.&nbsp;<br><br>Interrogé tout de suite après le match, le capitaine brestois Franck Honorat avait lui déclaré ne pas avoir entendu les propos incriminés. « Tout le monde a vu que sur le terrain, il y a eu un peu de chambrage et des mots qui se sont échangés. Je n’ai pas entendu de mots comme ça. Je pense que dans le foot, tout le monde sait que des mots un peu vulgaires sortent mais j’étais un peu loin, je n’ai pas entendu ça », a dit le milieu offensif.</div>', 1, 15, 2, '2022-10-27 07:45:52', '2022-10-26 07:45:52', 'ligue1.png', 'islam-slimani'),
(16, 'La nouvelle Maison de Beauté Carita à Paris', '<div>Installé au 11 rue du Faubourg Saint-Honoré, <a href=\"https://instituts.carita.com/530-maison-de-beaute-carita-faubourg-saint-honore\"><strong>La Maison de beauté Carita</strong></a> vient tout juste d\'ouvrir ses portes. Temple du bien-être, ce n\'est d\'autre que le studio <a href=\"https://www.rev-architecture.com/\"><strong>REV</strong></a> qui en imagine le décor. Inspiré par les codes de la marque française, le tandem y réalise un écrin noir &amp; blanc baigné de lumière, habillé de marbre précieux et de mobilier design signé <strong>Pierre Paulin</strong>. Sur trois étages, les bonnes raisons de s\'y rendre y sont infinis. En voici quelques-unes parmi tant d\'autres.<br><br></div><div><strong><br>S\'offrir des beaux objets pour la maison<br></strong><br></div><div>Une fois les portes passées, les visiteurs découvrent d\'abord la boutique, située au rez-de-chaussée sous un atrium lumineux. En plus des nouvelles gammes de cosmétiques et autres best-sellers <strong>Carita</strong>, le lieu propose également une collection dédiée à l\'art de vivre. Constituée de vêtements et d\'objets pour la maison, elle rassemble deux bougies parfumées (une blanche florale et une noire plus capiteuse), des porcelaines françaises, des masques de nuit, des serviettes ou encore des kimonos en soie sur lesquels il est possible de faire graver des initiales. <br><br><figure data-trix-attachment=\"{&quot;contentType&quot;:&quot;image&quot;,&quot;height&quot;:1068,&quot;url&quot;:&quot;https://media.vogue.fr/photos/635123c2902600e41df3b2ff/master/w_1600%2Cc_limit/4%2520double%2520alcove%2520(1).jpg&quot;,&quot;width&quot;:1600}\" data-trix-content-type=\"image\" class=\"attachment attachment--preview\"><img src=\"https://media.vogue.fr/photos/635123c2902600e41df3b2ff/master/w_1600%2Cc_limit/4%2520double%2520alcove%2520(1).jpg\" width=\"1600\" height=\"1068\"><figcaption class=\"attachment__caption\"></figcaption></figure><br><strong><br>Profiter d\'un soin du visage Cristal Morphologic<br></strong><br></div><div>A l\'étage supérieur, les cabines parées de marbre sont autant de cocons où s\'offrir des soins sur-mesure. A l\'image du protocole <em>Cristal Morphologic</em>, qui allie un nettoyage profond, à base de graines de tournesol, composant signature <strong>Carita</strong>, l\'application de formules à la tourmaline micronisée, qui stimule la production du collagène et un massage énergique qui mise sur des techniques de stretching musculaire pour redessiner les contours du visage. Sans oublier la possibilité de faire de la radiofréquence pour cibler une ou plusieurs zones précises. On en ressort la mine et l\'esprit apaisés.&nbsp;<br><br><figure data-trix-attachment=\"{&quot;contentType&quot;:&quot;image&quot;,&quot;height&quot;:1068,&quot;url&quot;:&quot;https://media.vogue.fr/photos/6351284afce86c48eab8fc54/master/w_1600%2Cc_limit/18%2520Appartement%2520cabine%2520double%2520hammam.jpg&quot;,&quot;width&quot;:1600}\" data-trix-content-type=\"image\" class=\"attachment attachment--preview\"><img src=\"https://media.vogue.fr/photos/6351284afce86c48eab8fc54/master/w_1600%2Cc_limit/18%2520Appartement%2520cabine%2520double%2520hammam.jpg\" width=\"1600\" height=\"1068\"><figcaption class=\"attachment__caption\"></figcaption></figure></div>', 1, 16, 12, '2022-10-26 22:01:46', '2022-10-26 22:01:46', '15 Appartement salon.png', 'deco'),
(17, 'La recette des cookies à la pâte à tartiner', '<div>En tête de liste de nos <a href=\"https://www.vogue.fr/lifestyle/article/les-meilleures-boulangeries-a-paris-en-2019\">boulangeries parisiennes préférées</a>, <a href=\"https://thefrenchbastards.fr/\"><strong>The French Bastards</strong></a> profite de l\'automne pour dévoiler un livre de cuisine inédit. Publié aux éditions <strong>Hachette Cuisine</strong> et compilant les <a href=\"https://www.vogue.fr/dossier/recettes\">recettes incontournables</a> du genre, dont celle de leurs cookies fondants à la pâte à tartiner.<br><br><strong><br>La recette des cookies à la pâte à tartiner de The French Bastards<br></strong><figure data-trix-attachment=\"{&quot;contentType&quot;:&quot;image&quot;,&quot;height&quot;:2400,&quot;url&quot;:&quot;https://media.vogue.fr/photos/63440faaad3da443a02d1303/master/w_1600%2Cc_limit/%25C2%25A9GeraldineMartens-_DSC5625.jpg&quot;,&quot;width&quot;:1600}\" data-trix-content-type=\"image\" class=\"attachment attachment--preview\"><img src=\"https://media.vogue.fr/photos/63440faaad3da443a02d1303/master/w_1600%2Cc_limit/%25C2%25A9GeraldineMartens-_DSC5625.jpg\" width=\"1600\" height=\"2400\"><figcaption class=\"attachment__caption\"></figcaption></figure><br><br>Pour 6 PERSONNES / préparation : 30 MIN / cuisson : 15 MIN / repos : ENVIRON 1 H<br>MATÉRIEL<br>✧Robot, feuille<br>✧Moules demi-sphère ou plaque<br>✧Mixeur<br>✧Poche à pâtisserie<br>✧Papier sulfurisé<br><strong>POUR 1 COOKIE</strong><br>✧100 g de pâte à cookies<br>✧20 g de pâte à tartiner<br><strong>POUR LA PÂTE À COOKIES</strong><br>✧102 g de beurre<br>✧57 g de vergeoise blonde<br>✧42 g de sucre<br>✧35 g d’œuf<br>✧118 g de farine pâtissière<br>✧8 g de fécule de pomme de terre<br>✧4 g de bicarbonate de soude<br>✧2 g de levure chimique<br>✧4 g de fleur de sel<br>✧148 g de chocolat au lait 38 %<br>✧72 g de noisettes<br><strong>POUR LE PRALINÉ NOISETTE</strong><br>✧15 g de noisettes<br>✧9 g de sucre<br>✧4 g d’eau<br><strong>POUR LA PÂTE À TARTINER</strong><br>✧20 g de noisettes<br>✧5 g de beurre<br>✧28 g de gianduja noir<br>✧28 g de gianduja lait<br>✧29 g de praliné noisette (voir ci-dessus)<br>✧8 g de lait en poudre<br>✧4 g de cacao en poudre<br><br></div><div><strong>Préparation</strong><br>1 . Préparez la pâte à cookies : dans la cuve du robot muni de la feuille, mélangez le beurre, la vergeoise, le sucre et l’œuf. Mélangez dans un récipient la farine, la fécule, le bicarbonate, la levure et le sel puis versez dans la cuve. Mélangez encore avant d’ajouter le chocolat au lait en morceaux et les noisettes. Étalez la pâte sur une feuille de papier sulfurisé de manière à obtenir la plaque la plus fi ne possible. Placez au réfrigérateur jusqu’à utilisation.<br>2 . Faites torréfier toutes les noisettes quelques minutes au four à 180 °C (th. 6). Séparez-les en 2 parties : 15 g pour le praliné, 20 g pour la pâte à tartiner. Pour le praliné, préparez un caramel blond en faisant chauffer le sucre et l’eau dans une casserole. Versez-le sur les noisettes. Laissez refroidir. Mixez le tout jusqu’à obtenir une préparation liquide.<br>3 . Préparez alors la pâte à tartiner : mixez le reste des noisettes torréfiées. Dans une casserole, faites fondre le beurre et les deux giandujas. Ajoutez les noisettes broyées dans la casserole. Mélangez bien. Incorporez le praliné, le lait et le cacao en poudre. Mélangez à la spatule jusqu’à obtenir une préparation homogène.<br>4 . Placez la pâte à tartiner dans une poche à pâtisserie et déposez des petits tas d’environ 20 g dans des moules demi-sphères ou sur une plaque recouverte de papier sulfurisé. Placez-les au congélateur jusqu’à ce que la pâte soit totalement congelée (1 h environ).<br>5 . Préchauffez le four à 180 °C (th. 6). Roulez des boules de 100 g de pâte à cookies en insérant en leur centre la sphère de pâte à tartiner. Déposez les boules ainsi garnies sur une plaque. Enfournez pour 15 min. Laissez refroidir un peu avant de déguster.<br><br></div>', 1, 17, 12, '2022-10-26 22:07:50', '2022-10-26 22:07:50', '©GeraldineMartens-_DSC5617.png', 'boulangerie'),
(18, 'Les adresses préférées de Margherita Missoni sur l\'île de Paros en Grèce', '<div>Si <a href=\"https://www.vogue.fr/lifestyle/article/les-plus-beaux-hotels-a-santorin-ile-grece\">Santorin</a> et <a href=\"https://www.vogue.fr/lifestyle/article/guide-des-meilleures-adresses-a-mykonos-pour-lete\">Mykonos</a> se taillent la part du lion dans les Cyclades, une île située à 45 minutes de là diffuse un charme plus discret, mais tout aussi puissant : Paros, le lieu où la créatrice de mode <strong>Margherita</strong> <a href=\"https://www.vogue.fr/dossier/missoni\"><strong>Missoni</strong></a> et ses amis, <strong>Eugenie Niarchos</strong>, créatrice de bijoux, et <strong>Tatiana Santo Domingo</strong>, de la famille princière monégasque, ont passé leurs vacances en juillet. Avec ses plages tranquilles, son eau cristalline et ses bourgades parsemées de bougainvilliers, Paros séduit par ses paysages, mais aussi par sa gastronomie célébrant la fraîcheur, axée autour des produits de la mer. \"La cuisine grecque est exceptionnelle ici, plus que partout ailleurs\", explique <strong>Margherita Missoni</strong>. La jeune femme nous dévoile ses adresses préférées sur l\'île.<br><br><br>Où dormir ? Cosme<br><br></div><div>Récemment ouvert, cet hôtel The Luxury Collection se situe juste à l\'extérieur de la ville portuaire de Nassoua. Avec ses murs en adobe blanchis à la chaux, ses toits plats et ses bougainvilliers colorés, il incarne à la perfection le style architectural de la région des Cyclades. Les tons terreux et couleur crème dominent dans le hall d\'entrée et dans les chambres, mais sont parsemés de touches de couleur, présentes sur un canapé par exemple, ou sur un vase classique peint d\'un visage grec. “J\'aime le fait que l\'hôtel ne soit pas trop grand, qu\'il soit assez intime. Les chambres ont beau être mitoyennes, on ne s\'en rend vraiment pas compte”, souligne <strong>Margherita Missoni</strong>.<br><br></div><div>L\'hôtel <strong>Cosme</strong> dispose d\'une piscine à débordement en demi-lune (dont la forme épouse celle de la mer Égée en contre-bas), mais aussi d\'un club de plage privé et d\'un spa permettant d\'observer le ciel étoilé et les lumières scintillantes de la ville de Nassoua. Le bonus ? Le restaurant de l\'hôtel, <strong>Parostià</strong>, géré par le chef <strong>Yiannis Kioroglou</strong>, auparavant basé au restaurant <strong>La Guérite</strong> de St Barth. Il propose un menu méditerranéen et grec. Un conseil : commandez le homard.<br><br><figure data-trix-attachment=\"{&quot;contentType&quot;:&quot;image&quot;,&quot;height&quot;:2400,&quot;url&quot;:&quot;https://media.vogue.fr/photos/62ecfd5608e05ef2fc124371/master/w_1600%2Cc_limit/3G4A5458.jpg&quot;,&quot;width&quot;:1600}\" data-trix-content-type=\"image\" class=\"attachment attachment--preview\"><img src=\"https://media.vogue.fr/photos/62ecfd5608e05ef2fc124371/master/w_1600%2Cc_limit/3G4A5458.jpg\" width=\"1600\" height=\"2400\"><figcaption class=\"attachment__caption\"></figcaption></figure><br><br>Le <strong>Parilio</strong> fait également partie des meilleurs hôtels de l\'île. Pittoresque et design (des œuvres d\'art locales décorent toutes les chambres), il comprend une superbe piscine en forme de croix.<br><br></div><div><br>Où manger ? <a href=\"https://mariorestaurantparos.com/\">Mario<br></a><br></div><div>Avec ses tables et ses chaises turquoises qui s\'étalent sur les pierres de la place principale de Nassoua, le restaurant <strong>Mario</strong> a transformé le bord de mer en salle à manger à ciel ouvert. Lors du coucher du soleil, la terrasse est très animée. Les clients y sirotent des vins locaux, mangent des ceviches ou encore des poissons frais grillés. “C\'est un endroit magique”, déclare <strong>Margherita Missoni</strong>. Son plat préféré ? “La salade de courgettes marinées, absolument exquise”.<br><br><figure data-trix-attachment=\"{&quot;contentType&quot;:&quot;image&quot;,&quot;height&quot;:1067,&quot;url&quot;:&quot;https://media.vogue.fr/photos/62ecfd54ecd5575542c91aff/master/w_1600%2Cc_limit/1206829381&quot;,&quot;width&quot;:1600}\" data-trix-content-type=\"image\" class=\"attachment attachment--preview\"><img src=\"https://media.vogue.fr/photos/62ecfd54ecd5575542c91aff/master/w_1600%2Cc_limit/1206829381\" width=\"1600\" height=\"1067\"><figcaption class=\"attachment__caption\"></figcaption></figure><br>Autre adresse incontournable : <strong>Tsachpinis</strong>, le restaurant situé juste à côté et appartenant au frère du propriétaire du <strong>Mario</strong>. <strong>Tsachpinis</strong> est spécialisé dans les plats grecs traditionnels. Vous pouvez distinguer les deux restaurants par la couleur de leurs chaises. Celles de <strong>Tsachpinis</strong> sont bleu roi.</div>', 3, 18, 12, '2022-10-26 22:10:31', '2022-10-26 22:10:31', '3G4A4805.png', 'greece'),
(19, '7 adresses feel good pour affronter l\'automne à Paris', '<div>En plus de nous faire plaisir à coup sûr, ces nouveaux rendez-vous ont tout pour nous aider à basculer vers l\'automne dans une bonne dynamique.&nbsp;<br><br></div><div><strong><br>Nouvelle<br></strong><br></div><div>Inauguré au début de l\'été dans le 17ème arrondissement à Paris, <a href=\"https://www.instagram.com/nouvelle___paris/?hl=fr\"><strong>Nouvelle</strong></a> est l\'adresse dédiée au bien-être émotionnel et physique de la thérapeute <a href=\"https://www.instagram.com/charlotte_vallet_/?hl=fr\"><strong>Charlotte Vallet</strong></a>. ­Mêlant son savoir-faire d\'ancienne étudiante en psychologie et ses différentes formations en hypnothérapie, elle y propose un modelage hypnotique du visage. Capable d\'apaiser le corps comme l\'esprit, ce soin sur-mesure suit un entretien personnalisé, avant de laisser place à un massage facial et de l\'hypnose. Clef pour (mieux) appréhender nos maux intérieurs, il réveille les émotions et donnent des perspectives pour se sentir mieux dans sa peau et dans sa tête.<br><em>Prix : 145€ (1h) - 780€ / 6 séances<br><br></em><figure data-trix-attachment=\"{&quot;contentType&quot;:&quot;image&quot;,&quot;height&quot;:1903,&quot;url&quot;:&quot;https://media.vogue.fr/photos/63441afcad3da443a02d1349/master/w_1600%2Cc_limit/IMG_6445.JPG&quot;,&quot;width&quot;:1600}\" data-trix-content-type=\"image\" class=\"attachment attachment--preview\"><img src=\"https://media.vogue.fr/photos/63441afcad3da443a02d1349/master/w_1600%2Cc_limit/IMG_6445.JPG\" width=\"1600\" height=\"1903\"><figcaption class=\"attachment__caption\"></figcaption></figure><br><br><strong><br>MOMZI<br></strong><br></div><div>Ex chef pâtissier du restaurant <strong>Pilgrim</strong>, <strong>Raamin Samiyi</strong> vient d\'inaugurer <a href=\"https://www.instagram.com/momzidonuts/?hl=fr\"><strong>MOMZI</strong></a> à Paris. Nouveau temple du donut, il y décline, sous toutes ses formes, ce grand classique US en version haute couture. Enroulé de pommes caramalisées, glacé à l\'huile d\'olive du Château d\'Estoublon, au matcha crémeux, à la rose, au sésame… Difficile de ne pas y trouver son bonheur.<br><em>1 rue Cherubini 75002 Paris</em><br><em>12h30 - 19h30 du mercredi au dimanche<br><br></em><figure data-trix-attachment=\"{&quot;contentType&quot;:&quot;image&quot;,&quot;height&quot;:1920,&quot;url&quot;:&quot;https://media.vogue.fr/photos/6344209a1ee55c24ec2917f1/master/w_1600%2Cc_limit/MOMZI_01_0006%2520@Leonardo%2520Denizon.(1).jpg&quot;,&quot;width&quot;:1536}\" data-trix-content-type=\"image\" class=\"attachment attachment--preview\"><img src=\"https://media.vogue.fr/photos/6344209a1ee55c24ec2917f1/master/w_1600%2Cc_limit/MOMZI_01_0006%2520@Leonardo%2520Denizon.(1).jpg\" width=\"1536\" height=\"1920\"><figcaption class=\"attachment__caption\"></figcaption></figure></div>', 2, 19, 12, '2022-10-26 22:12:03', '2022-10-26 22:12:03', 'edita vilkeviciute by lachlan bailey x géraldine saglio (1).png', 'edita'),
(22, 'Les meilleures adresses à connaître absolument à Lisbonne', '<div>Une vie nocturne qui fait penser à la Havane, des tramways et des ponts comme à San Francisco, des docks réhabilités rappelant Londres, un quartier d\'Alfama pareil aux médinas du Maghreb, Lisbonne est un voyage à elle seule. A deux heures en avion de Paris, c\'est surtout la destination idéale pour profiter des derniers rayons de soleil de l\'été le temps d\'un week-end.<br><br><figure data-trix-attachment=\"{&quot;contentType&quot;:&quot;image&quot;,&quot;height&quot;:164,&quot;url&quot;:&quot;https://media.vogue.fr/photos/63185b224af5042f4e9f042d/master/w_320%2Cc_limit/LIS_1767.jpg&quot;,&quot;width&quot;:320}\" data-trix-content-type=\"image\" class=\"attachment attachment--preview\"><img src=\"https://media.vogue.fr/photos/63185b224af5042f4e9f042d/master/w_320%2Cc_limit/LIS_1767.jpg\" width=\"320\" height=\"164\"><figcaption class=\"attachment__caption\"></figcaption></figure><br><br><br>Four Seasons Hotel Ritz Lisbonne</div><div>Pépite architecturale inaugurée dans les années 60, le <a href=\"https://www.fourseasons.com/lisbon/?ef_id=Cj0KCQjwguGYBhDRARIsAHgRm4848DO6e1_8014ZyA4lanR-E9IRTCCk2YDdL2E2quDT6m3m-EuZMG4aAlWgEALw_wcB:G:s&amp;s_kwcid=5c2f68acf73dace7b1e18631!4732!3!448672579104!e!!g!!4%20seasons%20hotel%20lisbon&amp;source=ppc%7CLIS%7Cgaw%7Cacr%7CRG%7CBrand-WW&amp;kpid=go_cmp-10559189271_adg-104595706215_ad-448672579104_kwd-4066971380_dev-c_ext-_prd-_sig-Cj0KCQjwguGYBhDRARIsAHgRm4848DO6e1_8014ZyA4lanR-E9IRTCCk2YDdL2E2quDT6m3m-EuZMG4aAlWgEALw_wcB&amp;ppc=true&amp;gclid=Cj0KCQjwguGYBhDRARIsAHgRm4848DO6e1_8014ZyA4lanR-E9IRTCCk2YDdL2E2quDT6m3m-EuZMG4aAlWgEALw_wcB\"><strong>Ritz</strong></a> lisboete vient d\'être entièrement rénové par le studio d\'architectes <strong>Oitoemponto</strong>. Hôtel rêvé où posé ses valises, le lieu piloté par le groupe <strong>Four Seasons</strong> compile tous les atouts. Dès le lobby, aux volumes magistraux, les visiteurs découvrent d\'abord des salons feutrés qui mêlent tapisseries, fresques d’artistes et bronzes classés. A l\'étage, les chambres baignées de lumière contemplent la ville et sont chapeautée d\'une salle de sport panoramique. Dans le jardin, on y retrouve une piscine couleur lagon, à deux pas du spa dont le soin signature, nommé <em>digital detox</em>, permet de relâcher les tensions musculaires, tout en profitant d\'un soin du visage luttant contre les effets néfastes de la lumière bleue des écrans. Cerise sur le gâteau? Le restaurant gastronomique <a href=\"https://www.fourseasons.com/fr/lisbon/dining/restaurants/cura/\"><strong>Cura</strong></a>, mené par le chef <strong>Pedro Pena Bastos</strong>, qui réinvente avec beaucoup de finesse le terroir local. <br><a href=\"https://www.fourseasons.com/fr/lisbon/\"><em>A réserver ici<br></em></a><em><br></em><figure data-trix-attachment=\"{&quot;contentType&quot;:&quot;image&quot;,&quot;height&quot;:414,&quot;url&quot;:&quot;https://media.vogue.fr/photos/5c2f680388e7187c6eabba6c/master/w_320%2Cc_limit/988245_587683974604512_9536_jpg_9228.jpg&quot;,&quot;width&quot;:320}\" data-trix-content-type=\"image\" class=\"attachment attachment--preview\"><img src=\"https://media.vogue.fr/photos/5c2f680388e7187c6eabba6c/master/w_320%2Cc_limit/988245_587683974604512_9536_jpg_9228.jpg\" width=\"320\" height=\"414\"><figcaption class=\"attachment__caption\"></figcaption></figure></div><div><br><br>Pastelaria Benard Idéal</div><div>A l’heure du petit-déjeuner, la <a href=\"https://www.benard.pt/?lang=fr\"><strong>Pastelaria Benard</strong></a> offre quelques propositions alléchantes : jus d’orange fraîchement pressé, café bien noir et surtout célèbres pâtisseries portugaises comme les pasteis de nata (sorte de petits flans présentés en tartelettes) et les bolo de arroz (petits muffins à la farine de riz). <br><em>R. Garrett 104, 1200-205 Lisbonne, Tel.+351 21 347 3133<br><br></em><figure data-trix-attachment=\"{&quot;contentType&quot;:&quot;image&quot;,&quot;height&quot;:256,&quot;url&quot;:&quot;https://media.vogue.fr/photos/6318684d4d80ee06fa549b96/master/w_320%2Cc_limit/12%2520AUG.jpg&quot;,&quot;width&quot;:320}\" data-trix-content-type=\"image\" class=\"attachment attachment--preview\"><img src=\"https://media.vogue.fr/photos/6318684d4d80ee06fa549b96/master/w_320%2Cc_limit/12%2520AUG.jpg\" width=\"320\" height=\"256\"><figcaption class=\"attachment__caption\"></figcaption></figure><em><br></em><br>NINHO</div><div>Premier club privé de la ville, <a href=\"https://www.ninho.io/\"><strong>NINHO</strong></a> vient d\'ouvrir ses portes à deux pas d<strong>u Jardim do Torel</strong>. Véritable oasis entourée de verdure, le lieu rassemble une belle piscine cerclée de mosaïque terracotta mais aussi et surtout le restaurant du chef <strong>Hugo Dias de Castro</strong>. Au menu? Gaspacho de pastèque et de tomate cerise, tartare de thon, huitres locales ou encore poisson grillé.<br><a href=\"https://www.ninho.io/\"><em>A découvrir ici</em></a> &nbsp;<br><br></div>', 1, 22, 12, '2022-10-26 22:25:49', '2022-10-26 22:25:49', '20AUG.png', 'aug-lisbonne'),
(23, 'Polémique autour d\'un outil de surveillance d\'une « majorité de toutes les activités sur Internet »', '<div>Motherboard a <a href=\"https://www.vice.com/en/article/y3pnkw/us-military-bought-mass-monitoring-augury-team-cymru-browsing-email-data\">découvert</a> que plusieurs entités de l\'armée américaine avaient acheté l\'accès à « <em>un puissant outil de surveillance qui prétend couvrir plus de 90 % du trafic Internet mondial et qui, dans certains cas, donne accès aux données de messagerie électronique, à l\'historique de navigation et à d\'autres informations sensibles comme les cookies</em> ».<br><br></div><div>Les documents consultés par nos confrères évoquent des pétaoctets de données, actuelles et historiques, émanant de « <em>plus de 550 points de collecte dans le monde, y compris en Europe, au Moyen-Orient, en Amérique du Nord/du Sud, en Afrique et en Asie</em> », et qui seraient mises à jour « <em>avec au moins 100 milliards de nouveaux enregistrements chaque jour</em> ».<br><br></div><div>Pure Signal RECON (également connu sous le nom d\'Augury) est développé et commercialisé par la société de cybersécurité Team Cymru, qui se <a href=\"https://www.team-cymru.com/post/what-we-re-seeing-with-x-509-certificates-and-why-you-should-worry\"><strong>vante</strong></a> d\'analyser « <em>plus de 50 types de données</em> », dont des millions de certificats <a href=\"https://fr.wikipedia.org/wiki/X.509\"><strong>X.509</strong></a>, qui lui permettraient de pouvoir fournir un « <em>accès à une grande majorité de toutes les activités sur Internet</em> ».<br><br></div><div>« <em>Et si vous pouviez tracer une activité malveillante à travers une douzaine ou plus de proxys et de VPN pour accéder à l\'origine d\'une menace, cartographier son infrastructure à l\'échelle mondiale et la bloquer, puis la surveiller pour vous protéger contre elle indéfiniment ?</em> », <a href=\"https://www.team-cymru.com/pure-signal-recon-threat-hunting-and-threat-reconnaissance\">explique</a> la page de présentation de RECON :&nbsp;<br><br></div><ul><li>Cartographiez de manière proactive les infrastructures APT et les voir évoluer en temps quasi réel.</li><li>Bloquez les e-mails de phishing avant qu\'ils ne soient envoyés.</li><li>Suivez des dizaines de proxys et de VPN jusqu\'à l\'origine d\'une menace.</li><li>Recherche et filtrage robustes dans la plus vaste collection de télémétrie mondiale.</li><li>Corrélez les adresses IP avec les informations sur les logiciels malveillants extraites de plus de 10 ans d\'observation des attaques et d\'analyse des logiciels malveillants.</li></ul><div>RECON est utilisé dans le secteur privé pour attribuer des cyberattaques et suivre l\'activité des pirates informatiques. Mais Motherboard a découvert que la marine américaine, le Cyber Command et la Defense Counterintelligence and Security Agency ont eux aussi payé, au total, « <em>au moins 3,5 millions de dollars pour accéder à Augury</em> ».<br><br></div><div>Contactée, Team Cyru se défend en expliquant que « <em>la plateforme Augury n\'est pas conçue pour cibler des utilisateurs ou une activité utilisateur spécifiques. La plateforme ne possède pas spécifiquement les informations concernant les abonnés nécessaires au fait de relier les enregistrements à des utilisateurs quelconques</em> » :&nbsp;<br><br></div><div>« <em>Notre plateforme ne capture qu\'un échantillon limité des données disponibles, et est encore plus restreinte en autorisant uniquement les requêtes sur des données échantillonnées restreintes et limitées, qui proviennent toutes de logiciels malveillants, d\'activités malveillantes, de pots de miel, de scans et de tiers qui fournissent des flux de ce type</em>. »<br><br></div><div>La polémique se double du fait que Rabbi Rob Thomas, le CEO de Team Cymru, <a href=\"https://www.torproject.org/about/people/\">figure</a> au conseil d\'administration du projet Tor, le navigateur et réseau censé pouvoir garantir l\'anonymat de ses utilisateurs.<br><br></div><div>Interrogée à ce sujet, Isabela Bagueros, directeur exécutif du projet Tor, explique à Motherboard que « <em>les conflits d\'intérêts potentiels de Rabbi Rob ont été examinés conformément au processus standard de divulgation des conflits d\'intérêts requis de tous les membres du conseil d\'administration, </em>[qui] <em>n\'a pas identifié de conflits d\'intérêts</em> ».<br><br></div>', 2, 23, 16, '2022-10-27 09:05:07', '2022-10-27 09:05:07', '1682.jpg', 'internet-brother');
INSERT INTO `article` (`id`, `titre`, `description`, `auteur_id`, `thumbnail_id`, `sous_categorie_id`, `created_at`, `updated_at`, `image`, `alt`) VALUES
(24, 'Ethereum passe au PoS (Proof of Stake)', '<div><strong>La blockchain Ethereum vient d’opérer le 15 septembre un changement dont vous avez forcément entendu parler, si le monde des blockchains vous est familier, en passant de la preuve de travail à la preuve d’enjeu (ou d\'intérêt). Cette mutation va constituer un tournant pour les blockchains, mais est-ce pour le meilleur ou pour le pire ?<br><br></strong>Jusqu’à présent, la blockchain sous-jacente à l’Ether utilisait le même paradigme (en français non informaticien : le même modèle) que la plupart des autres blockchains, à savoir la preuve de travail. Le 15 septembre 2022 à <a href=\"https://cryptoast.fr/the-merge-countdown-timer-date-heure-exact/\"><strong>8h42</strong></a> (heure française), la chaîne est passée en mode Proof-of-Stake dans une opération appelée <a href=\"https://ethereum.org/en/upgrades/merge/\"><strong>The Merge</strong></a>.<br><br><figure data-trix-attachment=\"{&quot;contentType&quot;:&quot;image&quot;,&quot;height&quot;:277,&quot;url&quot;:&quot;https://cdnx.nextinpact.com/data-next/image/bd/171684.png&quot;,&quot;width&quot;:605}\" data-trix-content-type=\"image\" class=\"attachment attachment--preview\"><img src=\"https://cdnx.nextinpact.com/data-next/image/bd/171684.png\" width=\"605\" height=\"277\"><figcaption class=\"attachment__caption\"></figcaption></figure><br><br>En résumant grossièrement, pour inscrire et valider une donnée dans une chaîne en mode Proof-of-Work, il faut trouver la réponse à une question mathématique demandant beaucoup de tests ou de calculs, afin de rendre difficile une modification non souhaitée de la chaîne. La recherche de cette solution s’appelle le minage, et le premier à trouver la réponse gagne une récompense (en cryptomonnaie, généralement). Le chaînage des blocs fait que plus la chaîne avance, plus les blocs anciens deviennent difficiles à modifier car il faut remonter dans la chaîne. Pour plus de détails, une très bonne explication se trouve <a href=\"https://www.ledger.com/fr/academy/quest-ce-que-la-preuve-de-travail\"><strong>ici</strong></a>.<br><br></div><div>L’avantage immense de ce choix est que tous les utilisateurs de la chaîne sont potentiellement capables de contribuer de manière équitable à la création de la chaîne, car la puissance de calcul n’influe « que » sur la probabilité de trouver la réponse au problème mathématique.<br><br></div><div>Une des conséquences est que si un participant réussit à obtenir 51 % de la puissance de calcul, il devient le maître de la chaîne ; c’est pourquoi les groupes de participants doivent ne pas être trop puissants, ce qui a par exemple conduit certains pools de mineurs de bitcoins à plafonner la puissance de chaque pool afin que personne n’atteigne cette barrière des 51 %.<br><br></div><div>Une grosse dépense énergétique<br><br></div><div>La très grosse contrepartie de ce modèle est le besoin de puissance de calcul, qui se traduit par la mise au point de composants spécialisés ou la monopolisation de certains autres comme des cartes graphiques, lesquels nécessitent une alimentation électrique conséquente. Pire encore, la plupart de ce qui a été calculé n’a servi à rien, à part à éliminer les solutions ne répondant pas au problème, et la grande majorité de la consommation électrique n’a donc eu aucun effet positif ou ne s’est pas traduite en production concrète utile.<br><br></div><div>De nombreuses cryptomonnaies se targuent d’avoir des sources d’énergies vertes, mais on voit aujourd’hui que cela ne suffit pas, et que la sobriété va nous tomber dessus : énergie verte ou pas, on en manque. Sans compter qu’on pourrait très bien arguer que l’énergie dépensée pour les cryptos pourrait être utilisée plus efficacement ailleurs… dans le moteur d’une Tesla, par exemple.<br><br></div><div>C’est quoi le PoS ?<br><br></div><div>Dans la preuve de travail, la puissance de calcul détermine la probabilité d’être le valideur d’un bloc ; dans une <a href=\"https://www.journaldunet.fr/patrimoine/guide-des-finances-personnelles/1209338-proof-of-stake/#:~:text=L\'expression%20proof%20of%20stake,%22preuve%20d\'int%C3%A9r%C3%AAt%22.\"><strong>preuve d’enjeu</strong></a> (Proof of Stake ou PoS), ou preuve d’intérêt, la probabilité est déterminée uniquement par le nombre de jetons déposés par les candidats, c’est-à-dire qu’il faut mettre en gage un montant en cryptomonnaie pour pouvoir être choisi pour valider un bloc. S’il y a deux participants, que le premier apporte 50 ETH et le second 25 ETH, il sera décidé aléatoirement lequel des deux sera le valideur en affectant un poids de 50 au premier et 25 au second. Ainsi, le premier aura deux fois plus de chances d’être le valideur.<br><br></div><div><figure data-trix-attachment=\"{&quot;contentType&quot;:&quot;image&quot;,&quot;height&quot;:487,&quot;url&quot;:&quot;https://cdnx.nextinpact.com/data-next/image/bd/171683.jpeg&quot;,&quot;width&quot;:1386}\" data-trix-content-type=\"image\" class=\"attachment attachment--preview\"><img src=\"https://cdnx.nextinpact.com/data-next/image/bd/171683.jpeg\" width=\"1386\" height=\"487\"><figcaption class=\"attachment__caption\"></figcaption></figure></div><div>Source : <a href=\"https://www.ledger.com/academy/blockchain/what-is-proof-of-stake\"><strong>ledger.com<br></strong></a><br></div><div>Pour miser, il faut donc avoir des ETH et les bloquer (mettre en gage). Tant qu’ils sont bloqués, vous recevez des intérêts, afin d’inciter les utilisateurs à participer : il n’y a plus de récompense pour celui qui valide le bloc et ainsi tous ceux qui « investissent » sont récompensés. Plus besoin de miner, de chercher des solutions au problème de la preuve de travail, d’où l’énorme économie d’énergie.<br><br></div><div>Extinction de masse ?<br><br></div><div>Certes, il est prématuré de parler de l’écroulement de l’écosystème des blockchains, mais certains éléments risquent d’inquiéter les promoteurs de ces technologies. Premier point : il n’y a pour l’instant toujours aucun cas d’usage pertinent pour les blockchains, quatorze ans après la création du bitcoin. Explication : cette technologie résout bel et bien certains problèmes, mais à ce jour aucun problème qu’une autre technologie ne traite déjà et à moindre coût, notamment via le mécanisme de tiers de confiance, comme les certificats. L’usage principal des cryptomonnaies reste hélas la spéculation.<br><br></div><div>À côté de cela, le besoin de s’affranchir d’un tiers de confiance date de la crise des surprimes de 2008, avec la crainte de l’effondrement du système bancaire mondial où les banques ont ce rôle. Et aujourd’hui, ce scénario est devenu beaucoup moins crédible et donc moins probable, ce qui diminue mécaniquement l’attrait pour les cryptomonnaies.<br><br></div><div>Peut-être que dans le futur cela reprendra, mais force est de constater que les cryptomonnaies sont dans un <a href=\"https://www.nextinpact.com/lebrief/69094/le-marche-nft-chute-bien-plus-que-celui-marches-boursiers\"><strong>cycle de baisse</strong></a>, et les usages soi-disant nouveaux comme les <a href=\"https://www.nextinpact.com/article/49791/la-folie-nft\"><strong>NFT</strong></a> n’ont pas réussi à redonner un coup de fouet à la popularité des cryptos, faute de proposer une réelle utilité aux blockchains.<br><br></div><ul><li><a href=\"https://www.nextinpact.com/article/49791/la-folie-nft\"><strong>La folie NFT</strong></a></li></ul><div>Pire encore, même quand les cryptos sont utilisées pour ce à quoi elles ont été conçues, l’usage actuel est anecdotique ! Au Salvador, où les cryptomonnaies ont été promues en fanfare (presque au sens propre) par le président Nayib Bukele, seuls 2 % des échanges ont eu lieu en cryptomonnaies, au point que le FMI risque de devoir mettre la main à la poche pour renflouer les caisses de l’État, d’après le magazine <a href=\"https://fortune.com/2022/09/03/is-bitcoin-currency-el-salvador-nayib-bukele-crypto/\"><strong>Fortune</strong></a>. Quoiqu’on dise des qualités et défauts des cryptos, les gens n’adhèrent pas alors que le concept est maintenant ancien et établi.<br><br></div><div>Où on en revient encore à des jetons<br><br></div><div>Le passage au PoS, va constituer une avancée majeure pour les cryptos, en termes d’économie énergétique, avec des promesses de réduction de la <a href=\"https://blog.ethereum.org/2021/05/18/country-power-no-more\"><strong>consommation de 99,95%</strong></a> selon la fondation Ethereum (rappelons l’<a href=\"https://news.climate.columbia.edu/2022/05/04/cryptocurrency-energy/\"><strong>estimation de consommation de 150 TWh</strong></a> pour l’ensemble des cryptomonnaies selon l’Université de Columbia).<br><br></div><div><figure data-trix-attachment=\"{&quot;contentType&quot;:&quot;image&quot;,&quot;height&quot;:522,&quot;url&quot;:&quot;https://cdnx.nextinpact.com/data-next/image/bd/171685.png&quot;,&quot;width&quot;:1386}\" data-trix-content-type=\"image\" class=\"attachment attachment--preview\"><img src=\"https://cdnx.nextinpact.com/data-next/image/bd/171685.png\" width=\"1386\" height=\"522\"><figcaption class=\"attachment__caption\"></figcaption></figure></div><div>Source : <a href=\"https://blog.ethereum.org/2021/05/18/country-power-no-more\"><strong>Ethereum Foundation Blog<br></strong></a><br></div><div>Présenté ainsi, le gain énergétique est flagrant. Et il y a fort à parier que d’autres cryptomonnaies vont suivre, vu la tendance actuelle. Si cela semble une très bonne nouvelle pour leur essor, réfléchissons un instant aux conséquences d’un tel choix.<br><br></div><div>En premier, le choix du PoS pour la chaîne Ethereum n’est pas anodin : c’est une des chaînes les plus actives, et ce choix est probablement le plus adapté et le plus raisonnable pour l’avenir. Ce concept de Proof-of-Stake va donc sûrement faire des émules.<br><br></div><div>Mais fonctionnellement et conceptuellement, la différence est de taille : la validation se retrouve <em>de facto</em> aux mains des plus gros porteurs d’ETH. Le fonctionnement se calque donc sur les systèmes plus classiques, comme celui des banques (même s’il n’est pas totalement similaire), mais avec des tiers de confiance de fait (les gros porteurs d’ETH).<br><br></div><div>Dans ce cas, que deviennent la décentralisation et l’équité apparente des cryptos actuelles (déjà mise à mal via les pools de minage) ? Les utilisateurs trouveront-ils encore leur intérêt à participer à de telles chaînes ? Ne risque-t-on pas de se retrouver dans une situation similaire aux <a href=\"https://monjuridique.infogreffe.fr/synthese-juridique/difference-blockchain-privee-publique#:~:text=Les%20blockchains%20priv%C3%A9es,transaction%2C%20une%20donn%C3%A9e...\"><strong>blockchains privées</strong></a>, comme celles basées sur <a href=\"https://fr.wikipedia.org/wiki/Hyperledger\"><strong>Hyperledger</strong></a>, où la validation est confiée à un gestionnaire (par construction cette fois) ? Ces blockchains n’ont pas trouvé leur public. Cette centralisation partielle via la preuve d’enjeu conviendra-t-elle à l’esprit libertaire de nombreux utilisateurs des cryptos ?<br><br></div>', 1, 24, 17, '2022-10-27 09:08:31', '2022-10-27 09:08:31', '5658.jpg', 'ethereum'),
(25, 'Watch Series 8, Watch Ultra : les autres nouveautés (chères) d\'Apple', '<div>Dans cette deuxième partie de notre actualité consacrée à l’évènement Apple d’hier soir, nous allons nous pencher sur les autres annonces, dont les principales sont les AirPods et surtout les nouvelles Watch.<br><br></div><div>Commençons par un point sur les plateformes. La principale, iOS 16, est en release candidate depuis hier soir chez l’ensemble des testeurs. Si tout se passe bien, il s’agira de la version finale qui sera proposée à l’ensemble des clients le 12 septembre. Comme toujours, l’attrait de la nouveauté sera contrebalancé par les problèmes de jeunesse qui ne manqueront pas d’apparaître. Certains préfèreront donc attendre un peu, par exemple la 16.1.<br><br></div><div>Nous ne rappellerons pas ici les nouveautés (très nombreuses) de cette version, auxquelles nous avons déjà consacré un article.<br><br></div><ul><li><a href=\"https://www.nextinpact.com/article/69302/wwdc-2022-part-lion-pour-ios-16-avec-nombreux-ajouts-et-ecran-verrouille-personnalisable\"><strong>WWDC 2022 : la part du lion pour iOS 16, avec de nombreux ajouts et un écran verrouillé personnalisable</strong></a></li></ul><div>watchOS 9 arrivera lui aussi le 12 septembre. Comme iOS 16, sa release candidate est disponible depuis hier soir. Quant à iPadOS 16 et macOS Ventura, il faudra attendre le mois prochain, pour l’instant sans plus de précision.<br><br></div><div>L’Apple Watch Series 8 se dote d’un capteur de température<br><br></div><div>C’est la principale nouveauté de cette nouvelle gamme, et elle sera surtout utilisée pour la santé féminine. Le capteur de température fait un relevé toutes les 5 secondes et peut estimer la période d’ovulation. Auquel cas, et si l’utilisatrice en a fait la demande, une notification sera envoyée.<br><br></div><div>Comme indiqué dans notre premier article, la Watch Series 8 peut détecter les accidents de la route, grâce à un accéléromètre amélioré (226g) et un gyroscope sur trois axes, le tout complété par les inévitables algorithmes. En cas de détection, elle sera en mesure de passer un appel d’urgence.<br><br></div><div><br></div><div><figure data-trix-attachment=\"{&quot;contentType&quot;:&quot;image&quot;,&quot;height&quot;:4000,&quot;url&quot;:&quot;https://cdnx.nextinpact.com/data-next/image/bd/171604.png&quot;,&quot;width&quot;:4000}\" data-trix-content-type=\"image\" class=\"attachment attachment--preview\"><img src=\"https://cdnx.nextinpact.com/data-next/image/bd/171604.png\" width=\"4000\" height=\"4000\"><figcaption class=\"attachment__caption\"></figcaption></figure></div><div><figure data-trix-attachment=\"{&quot;contentType&quot;:&quot;image&quot;,&quot;height&quot;:4000,&quot;url&quot;:&quot;https://cdnx.nextinpact.com/data-next/image/bd/171603.png&quot;,&quot;width&quot;:4000}\" data-trix-content-type=\"image\" class=\"attachment attachment--preview\"><img src=\"https://cdnx.nextinpact.com/data-next/image/bd/171603.png\" width=\"4000\" height=\"4000\"><figcaption class=\"attachment__caption\"></figcaption></figure></div><div><figure data-trix-attachment=\"{&quot;contentType&quot;:&quot;image&quot;,&quot;height&quot;:4000,&quot;url&quot;:&quot;https://cdnx.nextinpact.com/data-next/image/bd/171602.png&quot;,&quot;width&quot;:4000}\" data-trix-content-type=\"image\" class=\"attachment attachment--preview\"><img src=\"https://cdnx.nextinpact.com/data-next/image/bd/171602.png\" width=\"4000\" height=\"4000\"><figcaption class=\"attachment__caption\"></figcaption></figure></div><div><figure data-trix-attachment=\"{&quot;contentType&quot;:&quot;image&quot;,&quot;url&quot;:null}\" data-trix-content-type=\"image\" class=\"attachment attachment--preview\"><img src=\"null\"><figcaption class=\"attachment__caption\"></figcaption></figure></div><div><figure data-trix-attachment=\"{&quot;contentType&quot;:&quot;image&quot;,&quot;url&quot;:null}\" data-trix-content-type=\"image\" class=\"attachment attachment--preview\"><img src=\"null\"><figcaption class=\"attachment__caption\"></figcaption></figure></div><div><figure data-trix-attachment=\"{&quot;contentType&quot;:&quot;image&quot;,&quot;url&quot;:null}\" data-trix-content-type=\"image\" class=\"attachment attachment--preview\"><img src=\"null\"><figcaption class=\"attachment__caption\"></figcaption></figure></div><div><figure data-trix-attachment=\"{&quot;contentType&quot;:&quot;image&quot;,&quot;url&quot;:null}\" data-trix-content-type=\"image\" class=\"attachment attachment--preview\"><img src=\"null\"><figcaption class=\"attachment__caption\"></figcaption></figure></div><div><figure data-trix-attachment=\"{&quot;contentType&quot;:&quot;image&quot;,&quot;url&quot;:null}\" data-trix-content-type=\"image\" class=\"attachment attachment--preview\"><img src=\"null\"><figcaption class=\"attachment__caption\"></figcaption></figure></div><div><figure data-trix-attachment=\"{&quot;contentType&quot;:&quot;image&quot;,&quot;url&quot;:null}\" data-trix-content-type=\"image\" class=\"attachment attachment--preview\"><img src=\"null\"><figcaption class=\"attachment__caption\"></figcaption></figure></div><div><br></div><div><br>Autre nouveauté, qui devrait être appréciée : un mode économie d’énergie, enfin. L’autonomie de la Series 8 est toujours de 18h, qui peut passer à 36h avec ce mode. Des fonctions seront bien sûr désactivées, comme l’écran toujours allumé (on imagine qu’il en ira de même pour l’iPhone 14 Pro d’ailleurs). Bonne nouvelle, ce mode est en fait présent dans watchOS 9 et sera répercuté sur tous les anciens modèles à partir de la Series 4.<br><br></div><div>La dernière nouveauté n’est pas disponible chez nous : l’itinérance. Il semble qu’Apple n’ait pas encore signé d’accord avec les opérateurs français.<br><br></div><div>Déjà en précommande, la Watch Series 8 est vendue à partir de 499 euros pour le boitier 41 mm et 539 pour le 45 mm, en modèles GPS. Les versions Cellular débutent respectivement à 619 et 659 euros. On note d’ailleurs la disparition du modèle Nike, dont les cadrans seront ajoutés à tous les modèles, via watchOS 9.<br><br>L’Apple Watch Ultra, un modèle plus aventureux au prix salé<br><br></div><div>C’est le fameux modèle « sport » décrit par les rumeurs depuis plusieurs mois. Elle se caractérise par de nombreux changements plus ou moins importants.<br><br></div><div>La couronne digitale est pour commencer plus grande, pour faciliter notamment son utilisation avec des gants, et est protégée par une nouvelle zone métallique qui empêche les accros, à la manière de certaines montres sport. De l’autre côté du boitier, un nouveau bouton orange fait son apparition : Action.<br><br></div><div>Son effet est paramétrable, et on peut l’utiliser aussi bien pour déclencher une fonction précise (par exemple pour signaler le départ d’une course) que pour ouvrir une application ou un raccourci. Depuis l’application Boussole (repensée), il peut servir à placer rapidement un repère. Maintenu enfoncé, Action déclenchera un son de sirène (86 dB) pour faciliter la recherche des secours. Bon point, le bouton Action est accessible par les développeurs et pourra donc aller chercher des fonctions spécifiques dans les applications tierces.<br><br></div>', 2, 25, 16, '2022-10-27 09:11:04', '2022-10-27 09:11:04', '12336.jpg', 'montre-connecte'),
(26, 'Apple et Google colmatent trois failles 0-day, iOS 12 est aussi concerné', '<div>En l’espace de quelques jours, trois failles 0-day, d\'ores et déjà exploitées par des pirates, ont été corrigées par Apple et Google. Deux concernent les iPhone, iPad et Mac, tandis que la dernière se trouve dans le navigateur Chrome. Il est bien évidemment conseillé de se mettre à jour dès que possible (si ce n’est pas déjà le cas).<br><br></div><div>Apple a publié deux bulletins de sécurité (<a href=\"https://support.apple.com/fr-fr/HT213412\"><strong>ici</strong></a> et <a href=\"https://support.apple.com/fr-fr/HT213413\"><strong>là</strong></a>) pour les failles 0-day <a href=\"http://cve.mitre.org/cgi-bin/cvename.cgi?name=CVE-2022-32893\"><strong>CVE-2022-32893</strong></a> et <a href=\"http://cve.mitre.org/cgi-bin/cvename.cgi?name=CVE-2022-32894\"><strong>CVE-2022-32894</strong></a>. Elles ont été remontées au fabricant par un « <em>chercheur anonyme</em> » et sont déjà « <em>activement exploitées</em> ». Dans les deux cas, les conséquences sont importantes puisqu’elles « <em>permettent à un attaquant de provoquer une exécution de code arbitraire à distance</em> », <a href=\"https://www.cert.ssi.gouv.fr/avis/CERTFR-2022-AVI-752/\"><strong>précise l’ANSSI</strong></a>.<br><br></div><div>CVE-2022-32893 dans Webkit<br><br></div><div>La première – CVE-2022-32893 – est la plus sévère avec un score CVSS v3.1 de 8.8. Il s’agit d’une « <em>vulnérabilité du type \"débordement de tampon\" dans le Webkit d’iOS, d’iPadOS et de macOS Monterey</em> ». Pour ne pas laisser macOS Big Sur et Catalina sur le carreau, une mise à jour 15.6.1 a aussi été <a href=\"https://support.apple.com/en-us/HT213414\"><strong>mise en ligne pour Safari</strong></a>.<br><br></div><div>L’attaque peut être réalisée à distance (via le réseau) avec une complexité jugée comme « <em>faible</em> » et ne nécessitant aucun privilège particulier. L’attaquant n’a en effet besoin que de persuader sa victime de visiter un site web spécialement conçu pour exploiter cette faille.&nbsp;<br><br></div><div>CVE-2022-32894 dans le Kernel d’iOS<br><br></div><div>Concernant la seconde – CVE-2022-32894 –, le vecteur d’attaque est cette fois-ci local via une application spécialement conçue, toujours avec une complexité « <em>faible</em> ». Il s’agit toujours d’un « <em>débordement de tampon</em> », mais dans le Kernel d’iOS cette fois-ci.&nbsp;<br><br></div><div>Dans les deux cas, les brèches permettent d’exécuter du code arbitraire, mais ce n’est pas tout. La première permet aussi de provoquer un déni de service, la seconde une élévation des privilèges. Elles sont toutes les deux colmatées dans iOS/iPadOS 15.6.1 et macOS Monterey 12.5.1.<br><br></div><div>CVE-2022-2856 dans Chrome<br><br></div><div>Ce n’est pas tout, une troisième brèche 0-day a été annoncée ces derniers jours, mais <a href=\"https://chromereleases.googleblog.com/2022/08/stable-channel-update-for-desktop_16.html\"><strong>par Google cette fois-ci</strong></a>. Elle concerne le navigateur Chrome et porte la référence <a href=\"http://cve.mitre.org/cgi-bin/cvename.cgi?name=CVE-2022-2856\"><strong>CVE-2022-2856</strong></a>. Pour les détails on repassera : « <em>elles permettent à un attaquant de provoquer un problème de sécurité non spécifié par l\'éditeur</em> », <a href=\"https://www.cert.ssi.gouv.fr/avis/CERTFR-2022-AVI-747/\"><strong>indique l’ANSSI</strong></a>.<br><br></div><div>Elle a été corrigée dans les versions 104.0.5112.101 du navigateur pour Linux et macOS et 104.0.5112.102/101 pour Windows. Ce n’est pas la seule brèche corrigée puisqu’elles sont au nombre de onze, mais c’est la seule pour laquelle Google a connaissance qu’un prototype d’exploitation « <em>existe dans la nature</em> ».<br><br></div><div>watchOS 8.7.1 : pas de faille, mais un bug en moins<br><br></div><div>Notez enfin qu’Apple a mis en ligne watchOS 8.7.1, mais sans que cela ne soit lié à une faille de sécurité. Il s’agit de prévenir un bug qui pouvait faire redémarrer la montre Watch Series 3 sans raison particulière.&nbsp;<br><br></div>', 3, 26, 19, '2022-10-27 09:12:26', '2022-10-27 09:12:26', '1111.jpg', 'faille-chrome'),
(27, 'Cybersécurité : des chercheurs qui ne manquent pas d’air', '<div>La technologie produit de l’information à foison, et il est possible d’en trouver là où on ne s’y attend pas, comme sur la <a href=\"https://www.nextinpact.com/lebrief/42974/12748-les-ampoules-electriques-sont-aussi-de-grandes-oreilles\">surface d’une ampoule</a> sur laquelle on peut écouter à distance (avec un équipement approprié) les sons produits dans une pièce.<br><br></div><div>Sachant cela, vous ne sortez qu’avec votre Nokia 3310 et vous n’imaginez pas acquérir un smartphone. Votre PC de référence est au fond de votre garage et il n’a jamais vu que le CD d’installation de Windows 95. Le clavier est branché sur le port PS/2 et vous avez fait fondre avec le chalumeau de cuisine tous les ports USB et autres slots PCMCIA pour que personne ne connecte quoi que ce soit de douteux sur votre PC. Il n’a pas d’interface réseau non plus : trop dangereux. Vous pensez que votre ordinateur est en sécurité, mais l’est-il vraiment ?<br><br></div><div>Sécurité critique et isolement<br><br></div><div>L’<a href=\"https://fr.wikipedia.org/wiki/Air_gap\"><strong>air gap</strong></a> consiste à isoler physiquement un système (en général un système informatique critique) de façon à empêcher toute interaction automatique avec l’extérieur. Aujourd’hui, les cas d’usage de systèmes non connectés sont rares, mais il y en a. Imaginez le système de lancement de missiles nucléaires connecté sur internet : ça ferait désordre !<br><br></div><div>On peut aussi facilement penser que certaines informations très secrètes doivent être protégées des yeux trop curieux et des oreilles indiscrètes. Il y a également certaines installations industrielles comme les fameux systèmes de contrôle et d’acquisition de données en temps réel (<a href=\"https://fr.wikipedia.org/wiki/Syst%C3%A8me_de_contr%C3%B4le_et_d%27acquisition_de_donn%C3%A9es\"><strong>SCADA</strong></a>) qui sont (ou devraient) n’être connectés qu’avec les systèmes nécessaires à leur fonctionnement, ce qui donne d’ailleurs des <a href=\"https://www.bleepingcomputer.com/news/security/us-warns-of-govt-hackers-targeting-industrial-control-systems/\"><strong>sueurs froides</strong></a> à tous les gouvernements et industriels concernés.<br><br></div><div>Soft Tempest<br><br></div><div>En 1992, alors que j’effectuais un stage durant ma scolarité, un de mes collègues me racontait durant une pause avoir été amené à travailler près d’une base militaire, en utilisant un logiciel très particulier et spécifique créé par la société qui l’employait. Un logiciel unique, donc.<br><br></div><div>Au cours d’une journée « portes ouvertes », la base présentait son activité et ce collègue déambulait près d’un camion quand il aperçut sur un moniteur (à l’intérieur de ce camion) une séquence familière d’enchaînements d’écrans issus de son logiciel ! Comme il semblait impossible que quelqu’un d’autre en dispose, il est entré et a demandé au militaire ce que c’était.<br><br></div><div>Il venait d’assister à une démonstration de l’effet <a href=\"https://www.cl.cam.ac.uk/~mgk25/ih98-tempest.pdf\"><strong><em>Tempest</em></strong></a> consistant à capturer à distance les émanations électromagnétiques d’un écran (à tube cathodique à l’époque) pour en restituer le rendu. Il s’agissait donc bien d’une copie des écrans du logiciel, que le système d’écoute avait comme « filmé » mais sans caméra et sans accès direct.<br><br></div><div>Il est souvent admis que l’air gap est une mesure efficace contre l’espionnage, mais il y a et il y aura toujours des petits malins qui n’auront de cesse que de chercher et, pire, de trouver des méthodes pour sortir de l’information par tous les moyens possibles, y compris les plus saugrenus.<br><br></div><div>L’université israélienne de Ben Gourion nous propose régulièrement les trouvailles de ses chercheurs, et on voit que l’imagination ne leur fait pas défaut.<br><br></div><div>L’imagination au pouvoir<br><br></div><div>Comme il est dit dans l’introduction, tout peut servir de moyen de communication d’une manière ou d’une autre : vibrations, lumière, magnétisme, mouvement… tout est imaginable.<br><br></div><div>Une des plus ingénieuses a été appelée <a href=\"https://arxiv.org/ftp/arxiv/papers/1702/1702.06715.pdf\"><strong>Led-it-Go</strong></a> (il y a même une vidéo <a href=\"https://www.youtube.com/watch?v=4vIu8ld68fc\"><strong>youtube</strong></a>). L’idée est simple : utiliser la lampe LED du disque dur pour transmettre de l’information. Pour cela, il faut néanmoins réussir à implanter au préalable le programme malveillant chargé de contrôler la LED (ce qui n’est pas le plus simple, mais c\'est aussi l\'une des fonctionnalités de la nouvelle version de la <a href=\"https://www.nextinpact.com/lebrief/69827/la-clef-usb-preferee-hackers-revient-avec-nouvelle-version-plus-puissante\"><strong>clef USB Rubber Ducky</strong></a>) et de disposer d’un accès visuel sur la machine.<br><br></div><ul><li><a href=\"https://www.nextinpact.com/lebrief/69827/la-clef-usb-preferee-hackers-revient-avec-nouvelle-version-plus-puissante\"><strong>La clef USB Rubber Ducky pour pirater des PC revient, avec une nouvelle version plus puissante</strong></a></li></ul><div>Pour l’accès visuel, on peut utiliser une caméra externe, pirater le circuit de surveillance interne, envoyer un drone… Une fois ces conditions obtenues, le tour est joué. La vitesse de transmission dépendra de la qualité du récepteur. En émission, les chercheurs ont pu atteindre 4 000 bit/s. Avantage : pas de matériel à implanter sur la cible, tout est déjà sur place !<br><br></div><div>À défaut de LED de disque dur, on peut aussi utiliser les LED du clavier, mais à une vitesse moindre et surtout c’est beaucoup plus voyant (car il est normal de voir la LED du disque dur clignoter très souvent, pas pour le clavier). Petit bonus : cette LED peut être contrôlée sans privilège administrateur, à un niveau utilisateur (et non kernel) de l’OS.<br><br></div><div>Pas de LED ? Ecoutez plutôt !<br><br></div><div>Si aucune LED n’est disponible, ne vous inquiétez pas, on a encore plein de solutions en stock. Attaquons-nous alors au ventirad du processeur, ou sinon au ventilateur de l’alimentation. Ils tournent en général de façon assez régulière, et on pourra jouer sur la fréquence pour diffuser des informations de façon très discrète.<br><br></div><div>Cela a déjà été étudié, cette méthode ayant été appelée <a href=\"https://arxiv.org/ftp/arxiv/papers/1606/1606.05915.pdf\"><strong>Fansmitter</strong></a>. Notez qu’il n’est nul besoin d’un haut-parleur connecté à la machine, seul le bruit du ventilateur suffit à produire un son qu’il faut ensuite capter (pas trop loin, car la portée est forcément limitée). Pour interpréter le signal correctement, il est nécessaire d’utiliser une modulation de fréquence, plusieurs méthodes sont possibles.<br><br></div>', 3, 27, 19, '2022-10-27 09:13:47', '2022-10-27 09:13:47', '9684.jpg', 'failles-internet'),
(28, 'Burger au steak de quinoa à la betterave', '<div>INGRÉDIENTS :<br><br></div><div><br></div><div>6 PERS.</div><ul><li>POUR LES STEAKS DE QUINOA :</li><li>150 g de quinoa précuit</li><li>3 oeufs</li><li>20 g de farine</li><li>1 betterave rouge précuite</li><li>1 carotte</li><li>1 échalote</li><li>1/2 oignon</li><li>3 gousses d\'ail</li><li>7 cl de vin blanc</li><li>4 c. à soupe d\' huile d\'olive</li><li>un peu de ketchup</li><li>herbes de Provence</li><li>sel, poivre</li><li>POUR LES BURGERS :</li><li>4 pains burgers</li><li>3 tomates</li><li>2 gros avocats</li><li>2 oignons rouges</li><li>quelques feuilles de salade</li><li>ketchup</li></ul><div><br><br><br></div><div>1</div><div><br></div><ul><li>Préparez les steaks de quinoa :</li></ul><div><br></div><ul><li>2</li></ul><div><br></div><ul><li>Pelez et émincez l\'oignon, l\'échalote et les gousses d\'ail.</li></ul><div><br></div><ul><li>GESTES TECHNIQUES</li></ul><div><br></div><ul><li><figure data-trix-attachment=\"{&quot;contentType&quot;:&quot;image&quot;,&quot;height&quot;:120,&quot;url&quot;:&quot;https://img.cuisineaz.com/150x120/2020/07/24/i0-emincer-ses-legumes.jpeg&quot;,&quot;width&quot;:150}\" data-trix-content-type=\"image\" class=\"attachment attachment--preview\"><img src=\"https://img.cuisineaz.com/150x120/2020/07/24/i0-emincer-ses-legumes.jpeg\" width=\"150\" height=\"120\"><figcaption class=\"attachment__caption\"></figcaption></figure></li><li>Émincer ses légumes</li><li><figure data-trix-attachment=\"{&quot;contentType&quot;:&quot;image&quot;,&quot;height&quot;:120,&quot;url&quot;:&quot;https://img.cuisineaz.com/150x120/2019/11/28/i151128-.jpeg&quot;,&quot;width&quot;:150}\" data-trix-content-type=\"image\" class=\"attachment attachment--preview\"><img src=\"https://img.cuisineaz.com/150x120/2019/11/28/i151128-.jpeg\" width=\"150\" height=\"120\"><figcaption class=\"attachment__caption\"></figcaption></figure></li><li>Tailler un oignon</li><li>3</li></ul><div><br></div><ul><li>Epluchez et coupez la carotte et la betterave en petits morceaux.</li></ul><div><br></div><ul><li>4</li></ul><div><br></div><ul><li>Faites chauffer 2 c. à soupe d\'huile d\'olive dans une poêle.</li></ul><div><br></div><ul><li>5</li></ul><div><br></div><ul><li>Faites revenir les légumes (sauf la betterave) quelques minutes.</li></ul><div><br></div><ul><li>6</li></ul><div><br></div><ul><li>Déglacez au vin blanc puis ajoutez le quinoa, la betterave, les herbes de Provence, du sel et du poivre.</li></ul><div><br></div><ul><li>7</li></ul><div><br></div><ul><li>Mélangez bien puis retirez du feu et versez dans un saladier.</li></ul><div><br></div><ul><li>8</li></ul><div><br></div><ul><li>Ajoutez les œufs, la farine et de la ketchup et liez bien le tout.</li></ul><div><br></div><ul><li>9</li></ul><div><br></div><ul><li>Formez 6 boulettes et applatissez-les légèrement à l\'aide de vos mains farinées.</li></ul><div><br></div><ul><li>10</li></ul><div><br></div><ul><li>Réservez 1 heure au frais.</li></ul><div><br></div><ul><li>11</li></ul><div><br></div><ul><li>Faites chauffer 2 c. à soupe d\'huile et faites cuire les steaks de quinoa 7-8 minutes de chaque côté.</li></ul><div><br></div><ul><li>12</li></ul><div><br></div><ul><li>Pendant ce temps, épluchez et coupez les oignons rouges en rondelles.</li></ul><div><br></div><ul><li>13</li></ul><div><br></div><ul><li>Nettoyez et coupez les tomates en rondelles.</li></ul><div><br></div><ul><li>GESTES TECHNIQUES</li></ul><div><br></div><ul><li><figure data-trix-attachment=\"{&quot;contentType&quot;:&quot;image&quot;,&quot;height&quot;:120,&quot;url&quot;:&quot;https://img.cuisineaz.com/150x120/2020/06/17/i0-comment-peler-et-epepiner-des-tomates-facilement.jpeg&quot;,&quot;width&quot;:150}\" data-trix-content-type=\"image\" class=\"attachment attachment--preview\"><img src=\"https://img.cuisineaz.com/150x120/2020/06/17/i0-comment-peler-et-epepiner-des-tomates-facilement.jpeg\" width=\"150\" height=\"120\"><figcaption class=\"attachment__caption\"></figcaption></figure></li><li>Comment peler et épépiner des tomates facilement ?</li><li>14</li></ul><div><br></div><ul><li>Nettoyez et hachez la salade.</li></ul><div><br></div><ul><li>15</li></ul><div><br></div><ul><li>Coupez la chair des avocats en tranches.</li></ul><div><br></div><ul><li>16</li></ul><div><br></div><ul><li>Faites toaster les pains burgers au grille-pain.</li></ul><div><br></div><ul><li>17</li></ul><div><br></div><ul><li>Etalez de la ketchup sur les talons des pains.</li></ul><div><br></div><ul><li>18</li></ul><div><br></div><ul><li>Placez les feuilles de salade, les steaks de quinoa chaud, les avocats, les tomates et les oignons rouges.</li></ul><div><br></div><ul><li>19</li></ul><div><br></div><ul><li>Fermez les burgers avec les couronnes des pains.</li></ul><div><br></div><ul><li>20</li></ul><div><br></div><ul><li>Dégustez sans attendre.</li><li><br></li></ul><div><br><br></div>', 2, 28, 13, '2022-10-27 09:34:40', '2022-10-27 09:34:40', 'i91451-burger-au-steak-de-quinoa-a-la-betterave.png', 'burger'),
(29, 'Chaussons à la viande hachée', '<div>INGRÉDIENTS :<br><br></div><div><br></div><div>2 PERS.</div><ul><li>1 pâte brisée</li><li>2 ou 3 steaks hachés</li><li>1 oignon</li><li>persil frais</li><li>1 jaune d\'oeuf</li><li>sel, poivre</li></ul><div><br><br><br></div><ul><li>1<br><br></li><li>Préchauffez le four à 220°C.<br><br></li><li>2<br><br></li><li>Déroulez la pâte brisée et mettez-la sur un endroit bien à plat.<br><br></li><li>3<br><br></li><li>Découpez-la en 4 disques de pâte de même diamètre.<br><br></li><li>4<br><br></li><li>Posez les disques sur une plaque de four recouverte de papier sulfurisé. Réservez.<br><br></li><li>5<br><br></li><li>Pelez et hachez finement l\'oignon.<br><br></li><li>GESTES TECHNIQUES<br><br></li><li><figure data-trix-attachment=\"{&quot;contentType&quot;:&quot;image&quot;,&quot;height&quot;:120,&quot;url&quot;:&quot;https://img.cuisineaz.com/150x120/2019/11/28/i151128-.jpeg&quot;,&quot;width&quot;:150}\" data-trix-content-type=\"image\" class=\"attachment attachment--preview\"><img src=\"https://img.cuisineaz.com/150x120/2019/11/28/i151128-.jpeg\" width=\"150\" height=\"120\"><figcaption class=\"attachment__caption\"></figcaption></figure></li></ul><div>Tailler un oignon</div><ul><li>6<br><br></li><li>Nettoyez et ciselez plusieurs brins de persil frais.<br><br></li><li>GESTES TECHNIQUES<br><br></li><li><figure data-trix-attachment=\"{&quot;contentType&quot;:&quot;image&quot;,&quot;height&quot;:120,&quot;url&quot;:&quot;https://img.cuisineaz.com/150x120/2019/09/05/i150072-.jpeg&quot;,&quot;width&quot;:150}\" data-trix-content-type=\"image\" class=\"attachment attachment--preview\"><img src=\"https://img.cuisineaz.com/150x120/2019/09/05/i150072-.jpeg\" width=\"150\" height=\"120\"><figcaption class=\"attachment__caption\"></figcaption></figure></li></ul><div>Comment ciseler ses herbes ?</div><ul><li>7<br><br></li><li>Détaillez les steaks en petits morceaux dans un saladier à l\'aide d\'une fourchette.<br><br></li><li>8<br><br></li><li>Ajoutez l\'oignon émincé, le persil ciselé, du sel et du poivre puis mélangez bien.<br><br></li><li>GESTES TECHNIQUES<br><br></li><li><figure data-trix-attachment=\"{&quot;contentType&quot;:&quot;image&quot;,&quot;height&quot;:120,&quot;url&quot;:&quot;https://img.cuisineaz.com/150x120/2020/07/24/i0-emincer-ses-legumes.jpeg&quot;,&quot;width&quot;:150}\" data-trix-content-type=\"image\" class=\"attachment attachment--preview\"><img src=\"https://img.cuisineaz.com/150x120/2020/07/24/i0-emincer-ses-legumes.jpeg\" width=\"150\" height=\"120\"><figcaption class=\"attachment__caption\"></figcaption></figure></li></ul><div>Émincer ses légumes</div><ul><li>9<br><br></li><li>Répartissez le mélange au centre des disques de pâte. Refermez-les en soudant bien les bords des pâtes.<br><br></li><li>10<br><br></li><li>Badigeonnez les chaussons avec le jaune d\'oeuf à l\'aide d\'un pinceau.<br><br></li><li>11<br><br></li><li>Enfournez pendant au moins 30 min.<br><br></li><li>12<br><br></li><li>Servez bien chaud.<br><br></li></ul>', 1, 29, 13, '2022-10-27 09:36:14', '2022-10-27 09:36:14', 'i95927-chaussons-a-la-viande-hachee.png', 'chausson'),
(30, 'Tarte aux prunes et crème pâtissière', '<div>INGRÉDIENTS :<br><br></div><div><br></div><div>8 PERS.</div><ul><li>1 pâte brisée</li><li>-POUR LA CRÈME PÂTISSIÈRE :</li><li>50 cl de lait</li><li>4 jaunes d’œufs</li><li>140 g de sucre</li><li>1 sachet de sucre vanillé</li><li>60 g de farine</li><li>-POUR LA GARNITURE</li><li>500 g de prunes</li></ul><div><br><br><br></div><ul><li>1<br><br></li><li>Disposez la pâte brisée dans un moule à tarte. Piquez le fond à l\'aide d\'une fourchette et réservez au frais.<br><br></li><li>2<br><br></li><li>Préparez la crème pâtissière. Versez le lait et le sucre vanillé dans une casserole. Faites chauffer à feu moyen. Pendant ce temps, fouettez les jaunes d\'œufs avec le sucre en poudre et la farine. Versez un peu de lait chaud dessus et reversez le tout dans la casserole. Faites chauffer à feu moyen en remuant constamment. Lorsque la crème est bien épaisse, retirez la casserole du feu. Versez dans un récipient et laissez refroidir.<br><br></li><li>GESTES TECHNIQUES<br><br></li><li><figure data-trix-attachment=\"{&quot;contentType&quot;:&quot;image&quot;,&quot;height&quot;:120,&quot;url&quot;:&quot;https://img.cuisineaz.com/150x120/2020/05/12/i0-creme-patissiere.jpeg&quot;,&quot;width&quot;:150}\" data-trix-content-type=\"image\" class=\"attachment attachment--preview\"><img src=\"https://img.cuisineaz.com/150x120/2020/05/12/i0-creme-patissiere.jpeg\" width=\"150\" height=\"120\"><figcaption class=\"attachment__caption\"></figcaption></figure></li></ul><div>Crème pâtissière</div><ul><li>3<br><br></li><li>Lavez les prunes, coupez-les en deux et ôtez leur noyau. Versez la crème pâtissière sur le fond de tarte et disposez les prunes dessus. Enfournez la tarte pendant 40 min (four préchauffé à 180°C). Lorsque la tarte est bien cuite, retirez-la du four et laissez-la refroidir avant de la déguster.<br><br></li><li>GESTES TECHNIQUES<br><br></li><li><figure data-trix-attachment=\"{&quot;contentType&quot;:&quot;image&quot;,&quot;height&quot;:120,&quot;url&quot;:&quot;https://img.cuisineaz.com/150x120/2020/05/12/i0-creme-patissiere.jpeg&quot;,&quot;width&quot;:150}\" data-trix-content-type=\"image\" class=\"attachment attachment--preview\"><img src=\"https://img.cuisineaz.com/150x120/2020/05/12/i0-creme-patissiere.jpeg\" width=\"150\" height=\"120\"><figcaption class=\"attachment__caption\"></figcaption></figure></li></ul><div>Crème pâtissière</div><div>ASTUCES<br><br></div><div>Pour encore plus de gourmandise, vous pouvez fabriquer votre pâte brisée maison. Il vous suffit de mélanger 300 g de farine, 150 g de beurre coupé en dés, 1 pincée de sel, 8 cl d\'eau, 3 c. à soupe de sucre. Étalez la pâte sur un plan de travail fariné et foncez votre moule. Il ne reste plus qu\'à la garnir !<br><br></div>', 3, 30, 1, '2022-10-27 09:37:28', '2022-10-27 09:37:28', 'i145393-tarte-aux-prunes-et-creme-patissiere.png', 'tarte-au-prune'),
(31, 'Fondant au chocolat au Cake Factory', '<div>INGRÉDIENTS :<br><br></div><div><br></div><div>6 PERS.</div><ul><li>180 g de chocolat noir pâtissier</li><li>150 g de beurre</li><li>3 œufs</li><li>75 g de sucre en poudre</li><li>45 g de maïzena</li></ul><div><br><br><br></div><ul><li>1<br><br></li><li>Dans le moule rectangulaire anti-adhésif, placez le beurre coupé en cubes et les carrés de chocolat. Faites fondre le tout en actionnant le programme P5 (« fonte du chocolat ») pendant 13 min.<br><br></li><li>2<br><br></li><li>Dans un saladier ou un cul-de-poule, mélangez le sucre, la maïzena et les œufs. Incorporez ensuite le mélange fondu beurre-chocolat à la préparation. Versez la pâte dans les moules à muffins fournis. Placez-les dans le Cake Factory par-dessus la grille. Lancez le programme P3 (« cœurs coulants ») pour 17 min. Sortez immédiatement les fondants de l’appareil et laissez-les reposer 10 min avant de démouler.<br><br></li></ul><div>ASTUCES<br><br></div><div>Il est primordial de sortir le moule de la cuve après la cuisson sous peine que le cœur ne soit plus coulant : oui, la pâte continue de cuire même une fois l’appareil éteint ! En revanche, si vous cherchez un fondant au chocolat au Cake Factory qui ne coule pas, la solution est toute trouvée... ;) Si vous n’avez pas de fécule de maïs, remplacez-la simplement par de la farine. Pour une gourmandise infinie, optez pour un chocolat noir au caramel et ajoutez une pointe de fleur de sel.<br><br></div>', 2, 31, 1, '2022-10-27 09:38:31', '2022-10-27 09:38:31', 'i180089-fondant-chocolat-cake-factory.png', 'fondant-chocolat-cake'),
(32, 'Tourte à la viande hachée', '<div>INGRÉDIENTS :<br><br></div><div><br></div><div>4 PERS.</div><ul><li>2 pâtes feuilletées</li><li>1 boîte de tomates pelées au jus</li><li>1 oignon</li><li>200 g de bœuf haché</li><li>persil</li><li>2 c. à soupe d\'huile</li><li>1 jaune d\'œuf</li><li>sel, poivre</li></ul>', 1, 32, 13, '2022-10-27 09:39:56', '2022-10-27 09:39:56', 'i87254-tourte-aux-legumes-et-viande-hachee.png', 'tourte-legumes'),
(33, 'Tiramisu aux cerises amarena', '<div>INGRÉDIENTS :<br><br></div><div><br></div><div>6 PERS.</div><ul><li>POUR LA CRÈME</li><li>250 g Mascarpone</li><li>2 œufs</li><li>40 g Sucre en poudre</li><li>1 Gousse de vanille</li><li>1 pincée(s) sel</li><li>POUR LA GARNITURE :</li><li>1 paquet(s) Biscuit à la cuillère</li><li>125 g Cerises amarena en bocal</li><li>1 c. à soupe Amaretto</li><li>POUR LE DÉCOR</li><li>1 c. à soupe Cacao amer en poudre</li><li>Copeaux de chocolat noir</li></ul><div><br><br><br></div><ul><li>1<br><br></li><li>La crème : séparez les blancs des jaunes d\'œufs. Fouettez les jaunes avec le sucre au batteur pendant 2 à 5 min. Le mélange doit blanchir, devenir crémeux, et doubler de volume.<br><br></li><li>2<br><br></li><li>Ajoutez le mascarpone et les graines de la gousse de vanille fendue et grattée, en fouettant délicatement pour obtenir une crème homogène.<br><br></li><li>3<br><br></li><li>Dans un autre bol, montez les blancs en neige ferme au batteur avec une pincée de sel. Incorporez les blancs en neige délicatement à la crème, en 3 fois à l\'aide d\'une maryse.<br><br></li><li>4<br><br></li><li>Le sirop : prélevez environ 10 cl du jus des cerises en bocal. Diluez-le avec 10 cl d’eau, et un peu d’amaretto si vous le souhaitez.<br><br></li><li>5<br><br></li><li>Le dressage : trempez légèrement les biscuits dans le sirop obtenu. Seule la surface des biscuits doit être humide. Déposez une couche de biscuits bien serrés les uns contre les autres, au fond d\'un grand plat ou de verrines (dans ce cas, cassez les biscuits en morceaux, et n’hésitez pas à les tasser un peu du bout des doigts).<br><br></li><li>6<br><br></li><li>Alternez ensuite les couches avec : la préparation au mascarpone, quelques cerises amarena bien égouttées et tranchées en 2, et des biscuits imbibés... Terminez le montage par une couche de crème. Lissez la surface avec une spatule.<br><br></li><li>7<br><br></li><li>Laissez reposer 12 à 24 h au réfrigérateur.<br><br></li><li>8<br><br></li><li>Avant de servir, saupoudrez le tiramisu amarena de cacao en poudre, et parsemez de copeaux de chocolat.<br><br></li></ul>', 3, 33, 1, '2022-10-27 09:41:10', '2022-10-27 09:41:10', 'i185139-tiramisu-amarena-min.png', 'tiramisu'),
(34, 'God of War Ragnarok : une fonctionnalité très populaire absente à la sortie', '<div>i God of War Ragnarok sera plus généreux que son prédécesseur, il lui manquera une fonctionnalité très appréciée des joueurs. Du moins au lancement du jeu sur PS5 et PS4.<br><br></div><div>En quelques heures seulement, God of War Ragnarok nous a déjà dévoilé tout <a href=\"https://www.gameblog.fr/jeu-video/ed/impressions/preview-de-god-of-war-ragnarok-un-apercu-ps5-qui-met-deja-une-claque-408451\"><strong>son potentiel sur PS5</strong></a>. Mais voilà, si vous aimez immortaliser des beaux décors, il risque un peu de vous décevoir.<br><br></div><div><strong>God of War Ragnarok n\'autorise pas les paparazzis</strong></div><div>Prévu le 9 novembre prochain sur PS5 et PS4, God of War Ragnarok n\'aura malheureusement pas de mode photo à son lancement. Mais que les photographes virtuels en herbe se rassurent, ce n\'est que temporaire. Cette fonctionnalité, apparue sur la génération PS4 / Xbox One, fait partie des plans de Santa Monica Studio à court / moyen terme.<br><br></div><blockquote><em>Le mode photo arrivera dans God of War Ragnarok après son lancement. Nous vous donnerons plus de détails à ce sujet aux environs de sa sortie. Nous avons hâte de voir toutes vos captures lorsque qu\'il sera disponible.</em></blockquote><div><br>Pour God of War (2018), Santa Monica Studio avait aussi <a href=\"https://www.gameblog.fr/jeu-video/ed/news/god-of-war-le-mode-photo-est-enfin-disponible-voici-tous-les-details-69482\"><strong>retardé le mode photo</strong></a>, sans doute pour peaufiner au mieux des choses plus importantes. Cet ajout post-lancement s\'est également vu à plusieurs reprises pour des jeux PlayStation Studios et d\'autres titres.<br><br></div><div>Il y a quelques heures, Kratos et Atreus nous ont offert un <a href=\"https://www.gameblog.fr/jeu-video/ed/news/god-of-war-ragnarok-montre-ses-nombreuses-evolutions-de-gameplay-408716\"><strong>aperçu de leur évolution</strong></a> entre GOW et God of War Ragnarok.<br><br></div>', 1, 34, 20, '2022-10-27 11:22:35', '2022-10-27 11:22:35', '408805_635a4c2c9e8a0.png', 'god-of-war');
INSERT INTO `article` (`id`, `titre`, `description`, `auteur_id`, `thumbnail_id`, `sous_categorie_id`, `created_at`, `updated_at`, `image`, `alt`) VALUES
(35, 'PS Plus : quatre jeux gratuits en novembre 2022, ça va être magique !', '<div>Comme chaque mercredi précédant leur déploiement, Sony dévoile les jeux gratuits du PS Plus de novembre 2022. Au programme, un action-RPG exigeant, un jeu spécial et une licence culte.<br><br></div><div>Sony a eu un mois de répit, mais les <em>leaks </em>ont repris. L’<em>insider </em>français de Dealabs a de nouveau partagé les <a href=\"https://www.gameblog.fr/jeu-video/ed/news/ps-plus-les-jeux-gratuits-de-novembre-devoiles-a-lavance-un-gros-mois-408680\"><strong>jeux gratuits du PS Plus pour novembre 2022</strong></a>. Feignez la surprise, l’éditeur japonais confirme la nouvelle. Ce sera donc un mois très chargé puisqu’il aura au total quatre jeux.&nbsp;<br><br></div><div><strong>Les jeux PS Plus de novembre 2022 confirmés</strong></div><div>Les jeux gratuits du PS Plus Essential sont officiels. Après un mois d’octobre qui a divisé, les joueuses et les joueurs PS5 et PS4 abonnés au service de Sony pourront se procurer non pas un trio mais un quatuor de jeux. L’éditeur japonais offre en effet un action-RPG très apprécié, un jeu indé qui a eu son petit effet, et surtout une compilation regroupant deux titres en un. Voici sans plus attendre la liste des jeux du PS Plus de novembre 2022 :<br><br></div><ul><li>Nioh 2 / Nioh 2 Remastered (PS4, PS5)</li><li>Lego Harry Potter Collection (PS4)</li><li>Heavenly Bodies (PS4, PS5)</li></ul><div>On rappelle que les prochains jeux PS Plus Essential pourront être récupérés dès le mardi 1er novembre à 11h, heure française. Il vous reste donc encore quelques jours pour ajouter ot Wheels Unleashed, Injustice 2 et Superhot à votre bibliothèque de jeux. Quant aux jeux <a href=\"https://www.gameblog.fr/jeu-video/ed/news/ps-plus-premium-tout-savoir-avant-le-lancement-avantages-jeux-prix-401434\"><strong>PS Plus Premium et Extra</strong></a> ils seront annoncés autour de la mi-novembre.&nbsp;<br><br></div><div><figure data-trix-attachment=\"{&quot;contentType&quot;:&quot;image&quot;,&quot;height&quot;:918,&quot;url&quot;:&quot;https://blog.fr.playstation.com/tachyon/sites/10/2022/10/a137b90b99df6b1f52f6a6c6dc91f38d7d60a52c.jpg?resize=1088%2C612&amp;crop_strategy=smart&amp;zoom=1.5&quot;,&quot;width&quot;:1632}\" data-trix-content-type=\"image\" class=\"attachment attachment--preview\"><img src=\"https://blog.fr.playstation.com/tachyon/sites/10/2022/10/a137b90b99df6b1f52f6a6c6dc91f38d7d60a52c.jpg?resize=1088%2C612&amp;crop_strategy=smart&amp;zoom=1.5\" width=\"1632\" height=\"918\"><figcaption class=\"attachment__caption\"></figcaption></figure></div><div><strong>Présentation des jeux PS Plus de novembre</strong></div><div>Si LEGO Harry Potter parler à tout le monde, les deux autres jeux seront sans doute moins connus du grand public. Nioh 2 avait reçu un excellent accueil critique et commercial, tandis que Heavenly Bodies a complètement charmé les joueurs. Voici un petit tour d\'horizon de tous les jeux PS+ de novembre.<br><br></div><div><strong>Nioh 2</strong></div><div>Dans cette suite du RPG d’action solo acclamé, maîtrisez les arts mortels du samouraï en incarnant un mystérieux guerrier mi-humain, mi-yokai aux pouvoirs surnaturels. Brandissez vos armes dévastatrices et tailladez les yokai mortels, des samouraïs aguerris et des boss gigantesques qui se dressent sur votre route. Cette revisite du Japon du début de l’ère Sengoku par la Team Ninja propose un système de combat remanié permettant de vous&nbsp; transformer en yokai dotés aux pouvoirs dévastateurs.<br><br></div>', 2, 35, 20, '2022-10-27 11:24:08', '2022-10-27 11:24:08', '403568_62c7f4b8015c5.png', 'sorties'),
(36, 'EA fait un pas de plus vers l\'abandon des jeux physiques', '<div>Et si la fin des jeux physiques que l\'on annonce depuis des années était en train de s\'accélérer ? Voila en tout cas un pas de plus de EA.<br><br></div><div>C\'est via le journal allemand <a href=\"https://www.gameswirtschaft.de/wirtschaft/electronic-arts-deutschland-games-datentraeger/\"><strong>gameswirtschaft </strong></a>que nous avons pu apprendre la nouvelle. De moins en moins de jeux sont achetés en support physique et dans le même temps, les revenus des téléchargements, les achats intégrés, les abonnements augmentent. C\'est notamment le cas chez EA (Electronic Arts). Pour cette raison le physique est sur le point de disparaitre dans les pays germaniques (pour l\'instant).<br><br></div><div><strong>Plus de versions physiques EA pour nos voisins allemands ?</strong></div><div>Les implantations européennes d\'EA sont aujourd\'hui confrontées à ce type de profondes mutations comme c\'est le cas pour EA GmbH, basée à Rheinauhafen à Cologne, qui emploie environ 100 personnes et qui, outre le marché allemand, s\'occupent également de l\'Autriche, de la Suisse et de la Scandinavie.<br><br></div><div>Le dernier rapport de la branche allemande de l\'entreprise américaine indique :<br><br></div><blockquote><em>Le passage continu des biens physiques aux téléchargements numériques continue d\'avoir un impact négatif sur le développement des ventes. Les revenus des téléchargements numériques ne sont pas traités par EA, mais par une société affiliée.<br></em><br></blockquote><div>Par conséquent, une restructuration économique a été initiée par l\'entreprise et EA ne <em>\"générera plus de ventes avec des produits emballés\"</em> dans les pays germanophones . En d\'autres termes, il n\'y aura plus de jeux physiques en Allemagne et dans pays qui sont gérés par la partie germanique de l\'entreprise (Autriche, Suisse et Scandinavie). La fin d\'une époque ? C\'est en tout cas un pas de plus vers la fin du jeu en boite au grand malheur des collectionneurs et nostalgiques de tout poil.<br><br></div><div><em>Que pensez-vous de l\'arrêt progressif des versions physiques pour nos jeux vidéo ?<br></em><br></div>', 3, 36, 20, '2022-10-27 11:24:53', '2022-10-27 11:24:53', '408802_635a514a6759b.png', 'fallout'),
(37, 'The Witcher : surprise, un remake du 1er jeu sous Unreal Engine 5 vient d\'être annoncé !', '<div><strong>Joli coup de tonnerre dans l\'industrie du jeu vidéo ! Contre toute attente, CD Projekt vient d\'annoncer un remake audacieux du tout premier jeu The Witcher, livrant quelques premiers détails.<br><br></strong>Là où tout a commencé</div><div>La saga The Witcher semble avoir un avenir radieux devant elle. CD Projekt, iconique firme polonaise à qui l\'on doit la première trilogie ainsi que la prochaine, vient de faire un beau coup d\'éclat depuis son site officiel : <strong>un remake du tout premier jeu, sorti originellement en 2007, est bel et bien en développement.<br></strong><br></div><div>Cette refonte est prévue pour nous en mettre plein les yeux, et pour cause : <strong>il s\'appuiera de l\'Unreal Engine 5, le tout nouveau moteur d\'Epic Games </strong>qui habillera de nombreux jeux nouvelle génération avec un souci du détail ahurissant.<br><br></div><div>Notons d\'ailleurs que <strong>ce remake n\'est pas conçu par CD Projekt RED, mais par Fool\'s Thoery, studio rcemment créé et comprenant des vétérans de la série The Witcher.</strong> La petite surprise, c\'est que le projet est en réalité officiel depuis quelques semaines : <a href=\"https://www.jeuxvideo.com/news/1646893/the-witcher-polaris-sirius-canis-majoris-des-nouveaux-projets-qui-hypent-les-fans-de-la-licence-comme-jamais.htm\">il fut annoncé sous le nom de Canis Majoris</a>, un chantier dont on ignorait encore la nature véritable.<br><br>Quand la patience est de mise</div><div>Toutefois, ne vous attendez pas à une sortie prochaine :<strong> The Witcher Remake en est encore à ses débuts de développement.</strong> Le patron de CD Projekt RED Adam Badowski a d\'ailleurs tenu à faire une petite déclaration par lui-même :<br><br></div><blockquote>The Witcher est là où tout a commencé pour nous, pour CD PROJEKT RED. C\'est le premier jeu que nous ayons fait et ce fut un grand moment pour nous à l\'époque. Revenir à ce moment précis et refaire le jeu pour que la prochaine génération de joueurs en fasse l\'expérience semble tout aussi grandiose, si ça n\'est encore plus.<br><br>Collaborer avec Fool\'s Theory sur le projet est tout aussi excitant, car certaines des personnes présentes ont déjà été impliquées dans les jeux The Witcher. Ils connaissent bien le matériel d\'origine, ils savent à quel point les joueurs attendaient avec impatience un remake et ils savent comment créer des jeux incroyables et ambitieux. Et même s\'il faudra un certain temps avant que nous soyons prêts à en partager davantage, je sais que ça vaudra la peine d\'attendre.<br><br></blockquote><div>Notons que CD Projet supervisera l\'ensemble à la création. Pour le moment,<strong> aucune plateforme ni fenêtre de sortie n\'est donnée</strong>, même si l\'on peut tabler assez facilement sur le PC, la PlayStation 5 et la Xbox Series. Autant dire que nous avons hâte d\'en savoir plus.<br><br></div>', 1, 37, 21, '2022-10-27 11:26:19', '2022-10-27 11:26:19', '1666794467-9242-artwork.png', 'the-witcher');

-- --------------------------------------------------------

--
-- Structure de la table `auteur`
--

DROP TABLE IF EXISTS `auteur`;
CREATE TABLE IF NOT EXISTS `auteur` (
  `id` int NOT NULL AUTO_INCREMENT,
  `nickname` varchar(255) CHARACTER SET utf8mb4 COLLATE utf8mb4_unicode_ci DEFAULT NULL,
  PRIMARY KEY (`id`)
) ENGINE=InnoDB AUTO_INCREMENT=4 DEFAULT CHARSET=utf8mb4 COLLATE=utf8mb4_unicode_ci;

--
-- Déchargement des données de la table `auteur`
--

INSERT INTO `auteur` (`id`, `nickname`) VALUES
(1, 'Anne-Sophie Bourdet'),
(2, 'Mathieu Pierret'),
(3, 'Jean Luc Delmas');

-- --------------------------------------------------------

--
-- Structure de la table `categorie`
--

DROP TABLE IF EXISTS `categorie`;
CREATE TABLE IF NOT EXISTS `categorie` (
  `id` int NOT NULL AUTO_INCREMENT,
  `libelle_categorie` varchar(255) CHARACTER SET utf8mb4 COLLATE utf8mb4_unicode_ci NOT NULL,
  PRIMARY KEY (`id`)
) ENGINE=InnoDB AUTO_INCREMENT=8 DEFAULT CHARSET=utf8mb4 COLLATE=utf8mb4_unicode_ci;

--
-- Déchargement des données de la table `categorie`
--

INSERT INTO `categorie` (`id`, `libelle_categorie`) VALUES
(1, 'Football'),
(2, 'Politiques'),
(3, 'Cuisines'),
(4, 'Tech'),
(5, 'Santé'),
(6, 'Jeux vidéo'),
(7, 'Life Style');

-- --------------------------------------------------------

--
-- Structure de la table `doctrine_migration_versions`
--

DROP TABLE IF EXISTS `doctrine_migration_versions`;
CREATE TABLE IF NOT EXISTS `doctrine_migration_versions` (
  `version` varchar(191) CHARACTER SET utf8 COLLATE utf8_unicode_ci NOT NULL,
  `executed_at` datetime DEFAULT NULL,
  `execution_time` int DEFAULT NULL,
  PRIMARY KEY (`version`)
) ENGINE=InnoDB DEFAULT CHARSET=utf8mb3 COLLATE=utf8_unicode_ci;

--
-- Déchargement des données de la table `doctrine_migration_versions`
--

INSERT INTO `doctrine_migration_versions` (`version`, `executed_at`, `execution_time`) VALUES
('DoctrineMigrations\\Version20221019211235', '2022-10-19 21:13:35', 518);

-- --------------------------------------------------------

--
-- Structure de la table `messenger_messages`
--

DROP TABLE IF EXISTS `messenger_messages`;
CREATE TABLE IF NOT EXISTS `messenger_messages` (
  `id` bigint NOT NULL AUTO_INCREMENT,
  `body` longtext CHARACTER SET utf8mb4 COLLATE utf8mb4_unicode_ci NOT NULL,
  `headers` longtext CHARACTER SET utf8mb4 COLLATE utf8mb4_unicode_ci NOT NULL,
  `queue_name` varchar(190) CHARACTER SET utf8mb4 COLLATE utf8mb4_unicode_ci NOT NULL,
  `created_at` datetime NOT NULL,
  `available_at` datetime NOT NULL,
  `delivered_at` datetime DEFAULT NULL,
  PRIMARY KEY (`id`),
  KEY `IDX_75EA56E0FB7336F0` (`queue_name`),
  KEY `IDX_75EA56E0E3BD61CE` (`available_at`),
  KEY `IDX_75EA56E016BA31DB` (`delivered_at`)
) ENGINE=InnoDB DEFAULT CHARSET=utf8mb4 COLLATE=utf8mb4_unicode_ci;

-- --------------------------------------------------------

--
-- Structure de la table `newsletter`
--

DROP TABLE IF EXISTS `newsletter`;
CREATE TABLE IF NOT EXISTS `newsletter` (
  `id` int NOT NULL AUTO_INCREMENT,
  `mail` varchar(255) COLLATE utf8mb4_unicode_ci NOT NULL,
  PRIMARY KEY (`id`)
) ENGINE=InnoDB AUTO_INCREMENT=13 DEFAULT CHARSET=utf8mb4 COLLATE=utf8mb4_unicode_ci;

--
-- Déchargement des données de la table `newsletter`
--

INSERT INTO `newsletter` (`id`, `mail`) VALUES
(11, 'admin@admin.fr'),
(12, 'test@test.fr');

-- --------------------------------------------------------

--
-- Structure de la table `sous_categorie`
--

DROP TABLE IF EXISTS `sous_categorie`;
CREATE TABLE IF NOT EXISTS `sous_categorie` (
  `id` int NOT NULL AUTO_INCREMENT,
  `categorie_id` int NOT NULL,
  `libelle_sous_categ` varchar(255) CHARACTER SET utf8mb4 COLLATE utf8mb4_unicode_ci NOT NULL,
  PRIMARY KEY (`id`),
  KEY `IDX_52743D7BBCF5E72D` (`categorie_id`)
) ENGINE=InnoDB AUTO_INCREMENT=24 DEFAULT CHARSET=utf8mb4 COLLATE=utf8mb4_unicode_ci;

--
-- Déchargement des données de la table `sous_categorie`
--

INSERT INTO `sous_categorie` (`id`, `categorie_id`, `libelle_sous_categ`) VALUES
(1, 3, 'Pâtisserie'),
(2, 1, 'Ligue 1'),
(3, 1, 'Ligue 2'),
(4, 1, 'Coupe du Monde 2022'),
(5, 2, 'USA'),
(6, 2, 'France'),
(7, 5, 'Bien-être'),
(8, 5, 'Enfants'),
(9, 1, 'Ligue des champions'),
(10, 1, 'Ballon d\'or'),
(11, 1, 'Premier League'),
(12, 7, 'Style'),
(13, 3, 'Plats'),
(14, 3, 'Entrée'),
(15, 3, 'Fast-Food'),
(16, 4, 'Internet'),
(17, 4, 'Cryptomonnaie'),
(18, 4, 'Logiciels'),
(19, 4, 'Sécurité Informatique'),
(20, 6, 'PS5'),
(21, 6, 'PC'),
(22, 6, 'Xbox'),
(23, 6, 'Actus');

-- --------------------------------------------------------

--
-- Structure de la table `thumbnail`
--

DROP TABLE IF EXISTS `thumbnail`;
CREATE TABLE IF NOT EXISTS `thumbnail` (
  `id` int NOT NULL AUTO_INCREMENT,
  `titre` varchar(255) CHARACTER SET utf8mb4 COLLATE utf8mb4_unicode_ci NOT NULL,
  `description_thumb` longtext CHARACTER SET utf8mb4 COLLATE utf8mb4_unicode_ci,
  `created_at` datetime NOT NULL,
  `updated_at` datetime DEFAULT NULL,
  `image` longtext CHARACTER SET utf8mb4 COLLATE utf8mb4_unicode_ci,
  PRIMARY KEY (`id`)
) ENGINE=InnoDB AUTO_INCREMENT=38 DEFAULT CHARSET=utf8mb4 COLLATE=utf8mb4_unicode_ci;

--
-- Déchargement des données de la table `thumbnail`
--

INSERT INTO `thumbnail` (`id`, `titre`, `description_thumb`, `created_at`, `updated_at`, `image`) VALUES
(8, 'Affluence: un début de saison historique dans les stades de Ligue 1', 'Lorem ipsum dolor sit amet, consectetur adipiscing elit. Pellentesque lectus nulla, hendrerit quis dapibus eu, elementum nec est. Mauris tempus sodales convallis. Curabitur at ante lorem. Duis eu accumsan dui. Quisque consequat auctor euismod. Fusce ', '2022-10-23 22:15:32', '2022-10-23 22:15:32', 'FOOT.jpg'),
(9, 'Les droits des femmes menacés aux Etats-Unis', 'La valeur d’un pays ne se mesure pas seulement à son produit intérieur brut. Le sort qu’il réserve à ses citoyens compte tout autant, sinon plus, lorsqu’il s’agit des personnes les moins favorisées. A cette aune, la version non définiti', '2022-10-26 07:02:08', '2022-10-26 07:02:08', 'img_1.jpg'),
(10, 'Les gens qui marchent lentement ont plus de chance de devenir fous', '<div>Des chercheurs américains du Centre médical de Boston ont montré que la vitesse à laquelle nous marchons ou la force de notre poignée de main pourraient déterminer le risque d\'une future démence ou d\'un accident vasculaire-cérébrale (AVC) se</div>', '2022-10-26 07:11:27', '2022-10-27 11:34:32', 'sante_2.jpg'),
(11, 'Comment convaincre son enfant de se mettre au sport ?', '<div>Des conseils, des défis et des astuces pour choisir un club sportif. Santé Publique France lance une campagne pour aider les jeunes à pratiquer plus d’activité physique. Ce guide en ligne s’adresse aussi aux parents qui ont un rôle à jouer&nbsp;</div>', '2022-10-26 07:18:05', '2022-10-27 21:19:02', 'bien etre_20.jpg'),
(12, 'Paris fait le spectacle', 'Grâce notamment à des doublés de Lionel Messi et Kylian Mbappé, le PSG n\'a pas fait de détails mardi soir face au Maccabi Haïfa (7-2). Les Parisiens participeront aux huitièmes de finale de la Ligue des champions pour la onzième saison consé', '2022-10-26 07:33:05', '2022-10-26 07:33:05', 'galtier.png'),
(13, 'La soirée en or de Karim Benzema, entré dans la légende', 'SOIRÉE DE GALA Sacré Ballon d\'or, l’attaquant du Real Madrid est devenu lundi le premier Français depuis Zinédine Zidane en 1998 à atteindre cette consécrationKarim Benzema dans la légende ! Sacré Ballon d\'or après une saison de rêve, l\'a', '2022-10-26 07:37:26', '2022-10-26 07:37:26', 'Ballon Or.png'),
(14, 'Cristiano Ronaldo en passe de rebondir à Chelsea cet hiver ?', 'Dans l’impasse à Manchester, l’attaquant portugais de 37 ans pourrait être libéré de ses six derniers mois de contrat et rejoindre les Blues après le Mondial.Un ténor européen veut-il encore de Cristiano Ronaldo ? Frustré cette saison à ', '2022-10-26 07:42:39', '2022-10-26 07:42:39', 'cr7 footbalI.jpg'),
(15, 'Islam Slimani accuse un adversaire de l’avoir traité de « sale blédard »', '<div>L’attaquant brestois s’en est plaint auprès du quatrième arbitre au cours de la rencontre.Si le résultat final a de quoi donner le sourire aux Brestois, le match à Clermont ce dimanche après-midi a donné lieu à une scène plus triste pour&nbsp;</div>', '2022-10-26 07:45:52', '2022-10-26 09:09:10', 'ligue1.png'),
(16, 'La nouvelle Maison de Beauté Carita à Paris', 'Installé au 11 rue du Faubourg Saint-Honoré, La Maison de beauté Carita vient tout juste d\'ouvrir ses portes. Temple du bien-être, ce n\'est d\'autre que le studio REV qui en imagine le décor. Inspiré par les codes de la marque française, le tan', '2022-10-26 22:01:46', '2022-10-26 22:01:46', '15 Appartement salon.png'),
(17, 'La recette des cookies à la pâte à tartiner', 'En tête de liste de nos boulangeries parisiennes préférées, The French Bastards profite de l\'automne pour dévoiler un livre de cuisine inédit. Publié aux éditions Hachette Cuisine et compilant les recettes incontournables du genre, dont celle', '2022-10-26 22:07:50', '2022-10-26 22:07:50', '©GeraldineMartens-_DSC5617.png'),
(18, 'Les adresses préférées de Margherita Missoni sur l\'île de Paros en Grèce', 'Si Santorin et Mykonos se taillent la part du lion dans les Cyclades, une île située à 45 minutes de là diffuse un charme plus discret, mais tout aussi puissant : Paros, le lieu où la créatrice de mode Margherita Missoni et ses amis, Eugenie Ni', '2022-10-26 22:10:31', '2022-10-26 22:10:31', '3G4A4805.png'),
(19, '7 adresses feel good pour affronter l\'automne à Paris', 'En plus de nous faire plaisir à coup sûr, ces nouveaux rendez-vous ont tout pour nous aider à basculer vers l\'automne dans une bonne dynamique.&nbsp;NouvelleInauguré au début de l\'été dans le 17ème arrondissement à Paris, Nouvelle est l\'adre', '2022-10-26 22:12:03', '2022-10-26 22:12:03', 'edita vilkeviciute by lachlan bailey x géraldine saglio (1).png'),
(22, 'Les meilleures adresses à connaître absolument à Lisbonne', 'Une vie nocturne qui fait penser à la Havane, des tramways et des ponts comme à San Francisco, des docks réhabilités rappelant Londres, un quartier d\'Alfama pareil aux médinas du Maghreb, Lisbonne est un voyage à elle seule. A deux heures en av', '2022-10-26 22:25:49', '2022-10-26 22:25:49', '20AUG.png'),
(23, 'Polémique autour d\'un outil de surveillance d\'une « majorité de toutes les activités sur Internet »', 'Motherboard a découvert que plusieurs entités de l\'armée américaine avaient acheté l\'accès à « un puissant outil de surveillance qui prétend couvrir plus de 90 % du trafic Internet mondial et qui, dans certains cas, donne accès aux données', '2022-10-27 09:05:07', '2022-10-27 09:05:07', '1682.jpg'),
(24, 'Ethereum passe au PoS (Proof of Stake)', 'La blockchain Ethereum vient d’opérer le 15 septembre un changement dont vous avez forcément entendu parler, si le monde des blockchains vous est familier, en passant de la preuve de travail à la preuve d’enjeu (ou d\'intérêt). Cette mutation', '2022-10-27 09:08:31', '2022-10-27 09:08:31', '5658.jpg'),
(25, 'Watch Series 8, Watch Ultra : les autres nouveautés (chères) d\'Apple', 'Dans cette deuxième partie de notre actualité consacrée à l’évènement Apple d’hier soir, nous allons nous pencher sur les autres annonces, dont les principales sont les AirPods et surtout les nouvelles Watch.Commençons par un point sur les', '2022-10-27 09:11:04', '2022-10-27 09:11:04', '12336.jpg'),
(26, 'Apple et Google colmatent trois failles 0-day, iOS 12 est aussi concerné', 'En l’espace de quelques jours, trois failles 0-day, d\'ores et déjà exploitées par des pirates, ont été corrigées par Apple et Google. Deux concernent les iPhone, iPad et Mac, tandis que la dernière se trouve dans le navigateur Chrome. Il est', '2022-10-27 09:12:26', '2022-10-27 09:12:26', '1111.jpg'),
(27, 'Cybersécurité : des chercheurs qui ne manquent pas d’air', 'La technologie produit de l’information à foison, et il est possible d’en trouver là où on ne s’y attend pas, comme sur la surface d’une ampoule sur laquelle on peut écouter à distance (avec un équipement approprié) les sons produits d', '2022-10-27 09:13:47', '2022-10-27 09:13:47', '9684.jpg'),
(28, 'Burger au steak de quinoa à la betterave', 'INGRÉDIENTS :6 PERS.POUR LES STEAKS DE QUINOA :150 g de quinoa précuit3 oeufs20 g de farine1 betterave rouge précuite1 carotte1 échalote1/2 oignon3 gousses d\'ail7 cl de vin blanc4 c. à soupe d\' huile d\'oliveun peu de ketchupherbes de Provencesel', '2022-10-27 09:34:40', '2022-10-27 09:34:40', 'i91451-burger-au-steak-de-quinoa-a-la-betterave.png'),
(29, 'Chaussons à la viande hachée', 'INGRÉDIENTS :2 PERS.1 pâte brisée2 ou 3 steaks hachés1 oignonpersil frais1 jaune d\'oeufsel, poivre1Préchauffez le four à 220°C.2Déroulez la pâte brisée et mettez-la sur un endroit bien à plat.3Découpez-la en 4 disques de pâte de même di', '2022-10-27 09:36:14', '2022-10-27 09:36:14', 'i95927-chaussons-a-la-viande-hachee.png'),
(30, 'Tarte aux prunes et crème pâtissière', 'INGRÉDIENTS :8 PERS.1 pâte brisée-POUR LA CRÈME PÂTISSIÈRE :50 cl de lait4 jaunes d’œufs140 g de sucre1 sachet de sucre vanillé60 g de farine-POUR LA GARNITURE500 g de prunes1Disposez la pâte brisée dans un moule à tarte. Piquez le fond ', '2022-10-27 09:37:28', '2022-10-27 09:37:28', 'i145393-tarte-aux-prunes-et-creme-patissiere.png'),
(31, 'Fondant au chocolat au Cake Factory', 'INGRÉDIENTS :6 PERS.180 g de chocolat noir pâtissier150 g de beurre3 œufs75 g de sucre en poudre45 g de maïzena1Dans le moule rectangulaire anti-adhésif, placez le beurre coupé en cubes et les carrés de chocolat. Faites fondre le tout en actio', '2022-10-27 09:38:31', '2022-10-27 09:38:31', 'i180089-fondant-chocolat-cake-factory.png'),
(32, 'Tourte à la viande hachée', 'INGRÉDIENTS :4 PERS.2 pâtes feuilletées1 boîte de tomates pelées au jus1 oignon200 g de bœuf hachépersil2 c. à soupe d\'huile1 jaune d\'œufsel, poivre', '2022-10-27 09:39:56', '2022-10-27 09:39:56', 'i87254-tourte-aux-legumes-et-viande-hachee.png'),
(33, 'Tiramisu aux cerises amarena', 'INGRÉDIENTS :6 PERS.POUR LA CRÈME250 g Mascarpone2 œufs40 g Sucre en poudre1 Gousse de vanille1 pincée(s) selPOUR LA GARNITURE :1 paquet(s) Biscuit à la cuillère125 g Cerises amarena en bocal1 c. à soupe AmarettoPOUR LE DÉCOR1 c. à soupe Cac', '2022-10-27 09:41:10', '2022-10-27 09:41:10', 'i185139-tiramisu-amarena-min.png'),
(34, 'God of War Ragnarok : une fonctionnalité très populaire absente à la sortie', 'i God of War Ragnarok sera plus généreux que son prédécesseur, il lui manquera une fonctionnalité très appréciée des joueurs. Du moins au lancement du jeu sur PS5 et PS4.En quelques heures seulement, God of War Ragnarok nous a déjà dévoil', '2022-10-27 11:22:35', '2022-10-27 11:22:35', '408805_635a4c2c9e8a0.png'),
(35, 'PS Plus : quatre jeux gratuits en novembre 2022, ça va être magique !', 'Comme chaque mercredi précédant leur déploiement, Sony dévoile les jeux gratuits du PS Plus de novembre 2022. Au programme, un action-RPG exigeant, un jeu spécial et une licence culte.Sony a eu un mois de répit, mais les leaks ont repris. L’i', '2022-10-27 11:24:08', '2022-10-27 11:24:08', '403568_62c7f4b8015c5.png'),
(36, 'EA fait un pas de plus vers l\'abandon des jeux physiques', 'Et si la fin des jeux physiques que l\'on annonce depuis des années était en train de s\'accélérer ? Voila en tout cas un pas de plus de EA.C\'est via le journal allemand gameswirtschaft que nous avons pu apprendre la nouvelle. De moins en moins de ', '2022-10-27 11:24:53', '2022-10-27 11:24:53', '408802_635a514a6759b.png'),
(37, 'The Witcher : surprise, un remake du 1er jeu sous Unreal Engine 5 vient d\'être annoncé !', 'Joli coup de tonnerre dans l\'industrie du jeu vidéo ! Contre toute attente, CD Projekt vient d\'annoncer un remake audacieux du tout premier jeu The Witcher, livrant quelques premiers détails.Là où tout a commencéLa saga The Witcher semble avoir ', '2022-10-27 11:26:19', '2022-10-27 11:26:19', '1666794467-9242-artwork.png');

-- --------------------------------------------------------

--
-- Structure de la table `user`
--

DROP TABLE IF EXISTS `user`;
CREATE TABLE IF NOT EXISTS `user` (
  `id` int NOT NULL AUTO_INCREMENT,
  `email` varchar(180) CHARACTER SET utf8mb4 COLLATE utf8mb4_unicode_ci NOT NULL,
  `roles` json NOT NULL,
  `password` varchar(255) CHARACTER SET utf8mb4 COLLATE utf8mb4_unicode_ci NOT NULL,
  PRIMARY KEY (`id`),
  UNIQUE KEY `UNIQ_8D93D649E7927C74` (`email`)
) ENGINE=InnoDB AUTO_INCREMENT=2 DEFAULT CHARSET=utf8mb4 COLLATE=utf8mb4_unicode_ci;

--
-- Déchargement des données de la table `user`
--

INSERT INTO `user` (`id`, `email`, `roles`, `password`) VALUES
(1, 'admin@admin.fr', '[\"ROLE_ADMIN\"]', '$2y$13$lFi.Pm2/9QsHmqYhkTE3mu006nDcjqt0c3/28ytYQoL6JFvncVRo.');

--
-- Contraintes pour les tables déchargées
--

--
-- Contraintes pour la table `accueil`
--
ALTER TABLE `accueil`
  ADD CONSTRAINT `FK_2994CBE7294869C` FOREIGN KEY (`article_id`) REFERENCES `article` (`id`);

--
-- Contraintes pour la table `accueil_article`
--
ALTER TABLE `accueil_article`
  ADD CONSTRAINT `FK_760C20687294869C` FOREIGN KEY (`article_id`) REFERENCES `article` (`id`) ON DELETE CASCADE,
  ADD CONSTRAINT `FK_760C20687C9E3DC1` FOREIGN KEY (`accueil_id`) REFERENCES `accueil` (`id`) ON DELETE CASCADE;

--
-- Contraintes pour la table `article`
--
ALTER TABLE `article`
  ADD CONSTRAINT `FK_23A0E66365BF48` FOREIGN KEY (`sous_categorie_id`) REFERENCES `sous_categorie` (`id`),
  ADD CONSTRAINT `FK_23A0E6660BB6FE6` FOREIGN KEY (`auteur_id`) REFERENCES `auteur` (`id`),
  ADD CONSTRAINT `FK_23A0E66FDFF2E92` FOREIGN KEY (`thumbnail_id`) REFERENCES `thumbnail` (`id`);

--
-- Contraintes pour la table `sous_categorie`
--
ALTER TABLE `sous_categorie`
  ADD CONSTRAINT `FK_52743D7BBCF5E72D` FOREIGN KEY (`categorie_id`) REFERENCES `categorie` (`id`);
COMMIT;

/*!40101 SET CHARACTER_SET_CLIENT=@OLD_CHARACTER_SET_CLIENT */;
/*!40101 SET CHARACTER_SET_RESULTS=@OLD_CHARACTER_SET_RESULTS */;
/*!40101 SET COLLATION_CONNECTION=@OLD_COLLATION_CONNECTION */;
